qid,label,tier,reason,classes,parents,ipeds,website
Q4647420,A.T. Still University,tier1,ipeds,Q23002054 Q3918,,177834,http://www.atsu.edu
Q4661582,Aaniiih Nakoda College,tier1,ipeds,Q23002039 Q3914 Q615150 Q7840326,,180203,http://www.ancollege.edu
Q1805145,Abilene Christian University,tier1,ipeds,Q1743327 Q23002054 Q233324,,222178,http://www.acu.edu
Q4669049,Abraham Lincoln University,tier1,ipeds,Q3918,,488031,http://www.alu.edu/
Q2822225,Academy of Art University,tier1,ipeds,Q23002052 Q383092 Q3918,,108232,https://www.academyart.edu/
Q4671433,Academy of Chinese Culture and Health Sciences,tier1,ipeds,Q23002054 Q3918,,108269,http://www.acchs.edu
Q4650875,ACT College,tier1,ipeds,Q3918,,419022,http://www.actcollege.edu/
Q351971,Adams State University,tier1,ipeds,Q23002039 Q3918,,126182,https://www.adams.edu/
Q4682076,Adelphi University,tier1,ipeds,Q23002054 Q3914 Q3918 Q43229,,188429,https://www.adelphi.edu
Q4686466,AdventHealth University,tier1,ipeds,Q1743327 Q23002054,,133872,http://www.adu.edu
Q3551511,Adventist University of the Antilles,tier1,ipeds,Q1743327 Q3918,,241191,http://www.uaa.edu/
Q1551044,Alabama A & M University,tier1,ipeds,Q1620945 Q23002039 Q3914 Q615150 Q875538,,100654,http://www.aamu.edu/
Q941524,Alabama State University,tier1,ipeds,Q23002039 Q3914 Q875538,,100724,http://www.alasu.edu
Q4708506,Alaska Bible College,tier1,ipeds,Q189004 Q23002054 Q576603,,102580,http://www.akbible.edu/
Q1565621,Alaska Pacific University,tier1,ipeds,Q23002054 Q3918,,102669,http://www.alaskapacific.edu
Q4709395,Albany Technical College,tier1,ipeds,Q23002039 Q3918,,138682,http://www.albanytech.edu
Q2030894,Albert Einstein College of Medicine,tier1,ipeds,Q3918 Q43229,Q1048851 Q30288805,385415,https://einsteinmed.edu
Q1805243,Alcorn State University,tier1,ipeds,Q1620945 Q23002039 Q3914 Q3918 Q498162 Q615150,,175342,http://www.alcorn.edu/
Q3446091,Alfred University,tier1,ipeds,Q23002054 Q3918,,188641,https://www.alfred.edu/
Q65072501,Allegheny Wesleyan College,tier1,ipeds,Q4671277 Q576603,,200873,
Q18588985,Allen College,tier1,ipeds,Q3918,,152798,http://www.allencollege.edu
Q49041,Allen University,tier1,ipeds,Q1620945 Q23002054 Q3918,Q1620945,217624,https://www.allenuniversity.edu/
Q1066989,Alliant University,tier1,ipeds,Q23002052 Q3918,Q156913,110468,https://www.alliant.edu/
Q4736101,Altamaha Technical College,tier1,ipeds,Q23002039 Q3918,,366447,http://www.altamahatech.edu/
Q4737977,Alvernia University,tier1,ipeds,Q23002054 Q3918,,210775,http://www.alvernia.edu
Q4737981,Alverno College,tier1,ipeds,Q23002054 Q3918,,238193,http://www.alverno.edu
Q4741376,Amberton University,tier1,ipeds,Q23002054 Q3918,,222628,http://www.amberton.edu
Q4743138,American Baptist College,tier1,ipeds,Q15243209 Q23002054 Q576603 Q6540832,,219505,http://www.abcnash.edu
Q20011307,American College of the Building Arts,tier1,ipeds,Q3918,,485698,
Q4744166,American InterContinental University,tier1,ipeds,Q3918,,445027,https://www.aiuniv.edu/
Q42417604,American Islamic College,tier1,ipeds,Q3918,,142957,
Q1563835,American Jewish University,tier1,ipeds,Q3918,,116846,http://www.aju.edu/
Q19864730,American National University,tier1,ipeds,Q3918,,232797,https://www.an.edu/
Q4744872,American Samoa Community College,tier1,ipeds,Q1336920 Q615150,,240736,http://www.amsamoa.edu
Q4744969,American Sentinel University,tier1,ipeds,Q3918,,460738,http://www.americansentinel.edu/
Q168000,American University,tier1,ipeds,Q15936437 Q23002054 Q902104,,131159,https://american.edu
Q4745322,American University of Puerto Rico,tier1,ipeds,Q3918,,241100,http://www.aupr.edu/
Q4754215,Anderson University,tier1,ipeds,Q15243209 Q1743327 Q23002054,,217633,https://andersonuniversity.edu/
Q4754216,Anderson University,tier1,ipeds,Q1743327 Q23002054 Q3918,,150066,https://anderson.edu/
Q109176,Andrews University,tier1,ipeds,Q1743327 Q23002054 Q45400320 Q902104,,168740,http://www.andrews.edu
Q536709,Angelo State University,tier1,ipeds,Q23002039 Q3918,Q2407664,222831,http://www.angelo.edu
Q4769889,Anoka Technical College,tier1,ipeds,Q23002039 Q3918,,172954,http://www.anokatech.edu
Q4775035,Antioch University,tier1,ipeds,Q23002054 Q3918,,245838,http://www.antiochla.edu
Q4775041,Antioch University New England,tier1,ipeds,Q23002054 Q3918,Q4775035,245865,http://www.antiochne.edu
Q4775042,Antioch University Santa Barbara,tier1,ipeds,Q23002054 Q3918,Q4775035,245847,http://www.antiochsb.edu
Q4775043,Antioch University Seattle,tier1,ipeds,Q23002054 Q3918,Q4775035,245883,http://www.antiochseattle.edu
Q4780834,Appalachian Bible College,tier1,ipeds,Q23002054 Q3918 Q576603,,237136,http://www.abc.edu
Q4780841,Appalachian College of Pharmacy,tier1,ipeds,Q23002054 Q3918,,449922,http://www.acp.edu
Q620640,Appalachian State University,tier1,ipeds,Q23002039 Q3918,Q1191202,197869,https://www.appstate.edu/
Q4782996,Aquinas Institute of Theology,tier1,ipeds,Q14911880 Q23002054,,176600,http://www.ai.edu
Q4785174,Arcadia University,tier1,ipeds,Q23002054 Q3918,,211088,https://www.arcadia.edu/
Q4791274,Arizona Christian University,tier1,ipeds,Q1743327 Q23002054 Q3918,,105899,http://www.arizonachristian.edu
Q670897,Arizona State University,tier1,ipeds,Q23002039 Q3918 Q45400320,Q4791254,104151,https://www.asu.edu/
Q500131,Arkansas State University,tier1,ipeds,Q23002039 Q3918 Q96888669,Q673105,106458,https://www.astate.edu/
Q4791874,Arkansas State University-Mountain Home,tier1,ipeds,Q23002039 Q3918,Q673105,420538,http://www.asumh.edu
Q4791876,Arkansas State University-Newport,tier1,ipeds,Q23002039 Q3918,Q673105,440402,http://www.asun.edu
Q673111,Arkansas Tech University,tier1,ipeds,Q23002039 Q3918,,106467,https://www.atu.edu/
Q4792279,Arlington Baptist College,tier1,ipeds,Q189004 Q23002054 Q3918 Q576603,,222877,http://arlingtonbaptistcollege.edu
Q4796670,Art Academy of Cincinnati,tier1,ipeds,Q23002054 Q383092 Q3918,Q153265 Q2970522,201061,http://www.artacademy.edu
Q3272069,Art Center College of Design,tier1,ipeds,Q189004 Q23002054 Q3918,,109651,http://www.artcenter.edu
Q4803762,Asbury University,tier1,ipeds,Q1743327 Q23002054 Q3918,,156213,http://www.asbury.edu
Q986122,Ashland University,tier1,ipeds,Q23002054 Q902104,,201104,https://www.ashland.edu
Q4813398,Athenaeum of Ohio – Mount St. Mary's Seminary of the West,tier1,ipeds,Q14911880 Q23002054,Q117132126,201140,http://www.athenaeum.edu
Q4813522,Athens Technical College,tier1,ipeds,Q23002039 Q3918,Q7692256,246813,http://www.athenstech.edu/
Q4816584,Atlantic Union College,tier1,ipeds,Q1743327 Q3914,,164571,http://www.auc.edu/
Q573894,Atlantic University College,tier1,ipeds,Q3918,,241216,http://www.atlanticu.edu
Q540672,Auburn University,tier1,ipeds,Q23002039 Q3918 Q615150,Q30253890,100858,https://auburn.edu
Q758560,Auburn University at Montgomery,tier1,ipeds,Q23002039 Q875538,Q30253890,100830,https://www.aum.edu/
Q760516,Augsburg University,tier1,ipeds,Q23002054 Q3918,,173045,https://www.augsburg.edu/
Q5547686,Augusta University,tier1,ipeds,Q3918,Q2495809,482149,https://www.augusta.edu/
Q3298397,Augustana University,tier1,ipeds,Q1377182 Q23002054 Q902104,,219000,http://www.augie.edu
Q11959672,Aurora University,tier1,ipeds,Q23002054 Q3918,,143118,https://aurora.edu
Q3629946,Austin Community College District,tier1,ipeds,Q23002039 Q3918,,222992,http://www.austincc.edu
Q781153,Austin Peay State University,tier1,ipeds,Q23002039 Q3918,,219602,http://www.apsu.edu
Q542498,Ave Maria University,tier1,ipeds,Q23002054 Q3918,,446048,https://www.avemaria.edu/
Q4828300,Averett University,tier1,ipeds,Q23002054 Q3918,,231420,https://www.averett.edu/
Q4828842,Avila University,tier1,ipeds,Q23002054 Q2385804 Q3918,,176628,http://www.avila.edu
Q4583636,Azusa Pacific University,tier1,ipeds,Q1743327 Q23002054 Q233324 Q3918,,109785,https://www.apu.edu/
Q4849134,Baker College,tier1,ipeds,Q23002054 Q3918,,168847,http://www.baker.edu
Q4849228,Baker University,tier1,ipeds,Q23002054 Q902104,,154688,http://www.bakeru.edu
Q1805202,Baldwin Wallace University,tier1,ipeds,Q23002054 Q902104,,201195,https://www.bw.edu/
Q805122,Ball State University,tier1,ipeds,Q23002039 Q3918,,150136,http://www.bsu.edu
Q4857601,Baptist Bible College,tier1,ipeds,Q23002054 Q576603,,176664,http://www.gobbc.edu
Q4857614,Baptist College of Florida,tier1,ipeds,Q1743327 Q189004 Q23002054,,132408,http://www.baptistcollege.edu
Q4857700,Baptist University of the Américas,tier1,ipeds,Q1743327 Q23002054,,444398,http://www.bua.edu
Q4859925,Barclay College,tier1,ipeds,Q189004 Q23002054 Q576603,,155070,http://www.barclaycollege.edu
Q809106,Barry University,tier1,ipeds,Q23002054 Q3918,,132471,https://www.barry.edu/en
Q809633,Baruch College,tier1,ipeds,Q23002039 Q3918,Q762266,190512,http://www.baruch.cuny.edu
Q4868388,Bastyr University,tier1,ipeds,Q23002054 Q3918,,235547,http://www.bastyr.edu
Q19866142,Bay Area Medical Academy,tier1,ipeds,Q3918,,483878,https://www.bamasf.com/
Q4874042,Bay Mills Community College,tier1,ipeds,Q1336920 Q23002039 Q615150 Q7840326,,380359,https://www.bmcc.edu/
Q4570883,Bayamón Central University,tier1,ipeds,Q3918,,241225,http://www.ucb.edu.pr
Q812573,Baylor University,tier1,ipeds,Q1743327 Q23002054 Q902104,,223232,https://www.baylor.edu/
Q4882717,Belhaven University,tier1,ipeds,Q1743327 Q23002054 Q3918,,175421,http://www.belhaven.edu
Q2894666,Bellarmine University,tier1,ipeds,Q23002054 Q3918,,156286,http://www.bellarmine.edu
Q4883967,Bellevue University,tier1,ipeds,Q23002054 Q3918,,180814,https://www.bellevue.edu/
Q3298359,Belmont University,tier1,ipeds,Q23002054 Q3918,,219709,http://www.belmont.edu
Q816377,Bemidji State University,tier1,ipeds,Q23002039 Q3918,,173124,https://www.bemidjistate.edu/
Q4887341,Benedictine College,tier1,ipeds,Q23002054 Q3918,,154712,http://www.benedictine.edu
Q4887352,Benedictine University,tier1,ipeds,Q23002054 Q3918,,145619,http://www.ben.edu
Q693674,Bentley University,tier1,ipeds,Q23002054 Q3918,,164739,https://www.bentley.edu/
Q248970,Berklee College of Music,tier1,ipeds,Q23002054 Q3889692 Q902104,Q104304674,164748,https://college.berklee.edu/
Q4897735,Bethany Global University,tier1,ipeds,Q3918 Q576603,,486284,https://bethanygu.edu/
Q4897794,Bethany University,tier1,ipeds,Q3918,,110051,http://www.bethany.edu
Q3445045,Bethel University,tier1,ipeds,Q1743327 Q23002054 Q3918,,173160,https://www.bethel.edu/
Q4897887,Bethel University,tier1,ipeds,Q1743327 Q3918,,150145,https://www.betheluniversity.edu
Q4897957,Bethel University,tier1,ipeds,Q23002054 Q233324 Q3918,,219718,http://www.bethelu.edu/
Q25831351,Bethesda University,tier1,ipeds,Q3918,,110060,http://www.buc.edu/web2/
Q3298457,Bethune-Cookman University,tier1,ipeds,Q1620945 Q23002054 Q3914 Q902104,,132602,https://www.cookman.edu/
Q4903273,Biblical and Pentecostal College of Puerto Rico,tier1,ipeds,Q1743327,,241614,http://www.utcpr.edu
Q863813,Binghamton University,tier1,ipeds,Q23002039 Q3918 Q96888669,Q1140241,196079,https://www.binghamton.edu/
Q864450,Biola University,tier1,ipeds,Q1743327 Q23002054 Q233324 Q902104,,110097,https://www.biola.edu/
Q4918312,Bismarck State College,tier1,ipeds,Q23002039 Q3918,Q3878529,200022,http://www.bismarckstate.edu
Q4920974,Black Hills State University,tier1,ipeds,Q23002039 Q875538,,219046,https://www.bhsu.edu/
Q4922829,Blackfeet Community College,tier1,ipeds,Q1336920 Q23002054 Q615150 Q7840326,,180054,https://bfcc.edu/
Q4928377,Bloomsburg University,tier1,ipeds,Q23002039 Q3918,Q127163001 Q3304232,211158,https://www.commonwealthu.edu/campus-life/bloomsburg
Q4929506,Blue Mountain Christian University,tier1,ipeds,Q1743327 Q189004 Q23002054,,175430,http://www.bmc.edu
Q4930299,Bluefield University,tier1,ipeds,Q1743327 Q23002054 Q3914,,231554,https://www.bluefield.edu/
Q886141,Bluffton University,tier1,ipeds,Q23002054 Q3918,,201371,http://www.bluffton.edu
Q4938441,Boise Bible College,tier1,ipeds,Q189004 Q23002054 Q576603,,142090,http://www.boisebible.edu
Q4947745,Boston Baptist College,tier1,ipeds,Q23002054 Q576603,,164614,http://boston.edu
Q49118,Boston College,tier1,ipeds,Q189004 Q23002054 Q3918 Q45400320,,164924,https://bc.edu
Q49110,Boston University,tier1,ipeds,Q15936437 Q23002054 Q45400320,,164988,https://bu.edu/
Q895401,Bowdoin College,tier1,ipeds,Q1377182 Q23002054,,161004,https://www.bowdoin.edu/
Q895439,Bowie State University,tier1,ipeds,Q1620945 Q23002039 Q3918,Q1480532,162007,https://www.bowiestate.edu/
Q895457,Bowling Green State University,tier1,ipeds,Q23002039 Q45400320 Q875538,Q2331177,201441,https://bgsu.edu
Q897052,Bradley University,tier1,ipeds,Q23002054 Q902104,,143358,https://bradley.edu/
Q49119,Brandeis University,tier1,ipeds,Q209465 Q23002054 Q3918,,165015,https://www.brandeis.edu/
Q4960619,Brenau University,tier1,ipeds,Q23002054 Q3918,,139199,http://www.brenau.edu
Q4961841,Brescia University,tier1,ipeds,Q23002054 Q3918,,156356,http://www.brescia.edu
Q4965764,Briar Cliff University,tier1,ipeds,Q23002054 Q3918,,152992,http://www.briarcliff.edu
Q6360819,BridgeValley Community and Technical College,tier1,ipeds,Q3918,,445018,http://www.bridgevalley.edu/
Q3446076,Bridgewater State University,tier1,ipeds,Q23002039 Q3918 Q96888669,,165024,https://bridgew.edu
Q332498,Brigham Young University,tier1,ipeds,Q11396960 Q23002054 Q902104,,230038,https://www.byu.edu/
Q3243730,Brigham Young University–Hawaii,tier1,ipeds,Q23002054 Q3918,,230047,https://www.byuh.edu/
Q1029431,Brigham Young University–Idaho,tier1,ipeds,Q23002054 Q3918,,142522,http://www.byui.edu/
Q4976094,Brown College,tier1,ipeds,Q23002052 Q3918,,174394,http://www.browncollege.edu/home/sb-home
Q49114,Brown University,tier1,ipeds,Q1188663 Q15936437 Q23002054 Q902104 Q96888669,,217156,https://www.brown.edu/
Q6631334,Bryant & Stratton College,tier1,ipeds,Q23002054 Q3918,,189583,http://www.bryantstratton.edu
Q1012699,Bryant University,tier1,ipeds,Q23002054 Q3918,,217165,https://www.bryant.edu/
Q995265,Bryn Mawr College,tier1,ipeds,Q23002054 Q3660535 Q3918,Q1886223,211273,https://www.brynmawr.edu/
Q3444679,Bucknell University,tier1,ipeds,Q2085381 Q23002054 Q902104,,211291,http://www.bucknell.edu
Q4985470,Buena Vista University,tier1,ipeds,Q23002054 Q3918,,153001,https://www.bvu.edu/
Q4570064,Buffalo State University,tier1,ipeds,Q23002039 Q3918,Q1140241,196130,https://suny.buffalostate.edu/
Q3878581,Bushnell University,tier1,ipeds,Q1743327 Q23002054 Q3918,,209409,https://bushnell.edu/
Q1017974,Butler University,tier1,ipeds,Q23002054 Q902104,,150163,http://www.butler.edu
Q5004696,Byzantine Catholic Seminary of Ss. Cyril and Methodius,tier1,ipeds,Q14911880 Q23002054,,444103,http://www.bcs.edu
Q5017672,Cairn University,tier1,ipeds,Q1743327 Q23002054 Q3918,,215114,http://www.cairn.edu
Q5019139,Caldwell Community College & Technical Institute,tier1,ipeds,Q1371037 Q23002039,Q7054453,198118,http://www.cccti.edu
Q1563992,California Baptist University,tier1,ipeds,Q1743327 Q23002054 Q3918,,110361,http://www.calbaptist.edu
Q5020313,California Christian College,tier1,ipeds,Q23002054 Q3914 Q576603,,110918,http://www.calchristiancollege.org
Q1026804,California College of the Arts,tier1,ipeds,Q23002054 Q383092 Q3918,,110370,https://www.cca.edu
Q3444680,California Institute of Integral Studies,tier1,ipeds,Q23002054 Q3918,,110316,https://www.ciis.edu/
Q161562,California Institute of Technology,tier1,ipeds,Q23002054 Q3918,,110404,https://caltech.edu
Q1026827,California Institute of the Arts,tier1,ipeds,Q23002054 Q380093 Q383092 Q902104,,111081,https://calarts.edu/
Q5020643,California Intercontinental University,tier1,ipeds,Q3918,,485546,http://www.caluniversity.edu/
Q1026831,California Lutheran University,tier1,ipeds,Q23002054 Q902104,,110413,http://www.callutheran.edu/
Q1026836,California Miramar University,tier1,ipeds,Q3918,,480781,http://www.calmu.edu/
Q1026846,California Polytechnic State University,tier1,ipeds,Q23002039 Q875538,Q815352,110422,https://www.calpoly.edu/
Q624560,"California State Polytechnic University, Humboldt",tier1,ipeds,Q23002039 Q3918,Q815352,115755,https://www.humboldt.edu
Q1026868,"California State Polytechnic University, Pomona",tier1,ipeds,Q23002039 Q3918,Q815352,110529,https://www.cpp.edu/
Q624691,California State University San Marcos,tier1,ipeds,Q23002039 Q3918,Q815352,366711,http://www.csusm.edu
Q1026902,"California State University, Bakersfield",tier1,ipeds,Q23002039 Q3918,Q815352,110486,http://www.csub.edu
Q1026905,"California State University, Channel Islands",tier1,ipeds,Q23002039 Q875538,Q815352,441937,http://www.csuci.edu
Q1026912,"California State University, Chico",tier1,ipeds,Q23002039 Q875538,Q815352,110538,http://www.csuchico.edu
Q1026909,"California State University, Dominguez Hills",tier1,ipeds,Q23002039 Q3918,Q815352,110547,https://www.csudh.edu/
Q1026916,"California State University, East Bay",tier1,ipeds,Q23002039 Q3918,Q815352,110574,https://www.csueastbay.edu/
Q1026919,"California State University, Fresno",tier1,ipeds,Q23002039 Q3918,Q815352,110556,https://www.fresnostate.edu/
Q1026925,"California State University, Fullerton",tier1,ipeds,Q23002039 Q3918,Q815352,110565,https://www.fullerton.edu/
Q1026926,"California State University, Long Beach",tier1,ipeds,Q23002039 Q875538,Q815352,110583,https://www.csulb.edu/
Q1026932,"California State University, Los Angeles",tier1,ipeds,Q23002039 Q3918,Q815352,110592,https://www.calstatela.edu/
Q624686,"California State University, Monterey Bay",tier1,ipeds,Q23002039 Q3918,Q815352,409698,http://www.csumb.edu
Q1026939,"California State University, Northridge",tier1,ipeds,Q23002039 Q875538,Q815352,110608,https://www.csun.edu/
Q1026944,"California State University, San Bernardino",tier1,ipeds,Q23002039 Q3918 Q5772674,Q815352,110510,http://www.csusb.edu
Q624564,"California State University, Stanislaus",tier1,ipeds,Q23002039 Q3918,Q815352,110495,https://www.csustan.edu/
Q54958451,California University of Science and Medicine,tier1,ipeds,Q3918,,496043,https://www.cusm.org
Q5024150,Calvary University,tier1,ipeds,Q23002054 Q233324 Q3918 Q576603,,176789,http://www.calvary.edu
Q2698482,Calvin University,tier1,ipeds,Q1743327 Q23002054 Q3918,,169080,https://calvin.edu/
Q3444292,Cameron University,tier1,ipeds,Q23002039 Q3918,,206914,http://www.cameron.edu
Q904219,Campbell University,tier1,ipeds,Q23002054 Q3918,,198136,https://www.campbell.edu
Q5028213,Campbellsville University,tier1,ipeds,Q1743327 Q209465 Q23002054 Q3918,,156365,https://www.campbellsville.edu/
Q1033335,Canisius University,tier1,ipeds,Q23002054 Q3918,,189705,http://www.canisius.edu
Q5032498,Cankdeska Cikana Community College,tier1,ipeds,Q1336920 Q23002039 Q615150 Q7840326,,200208,http://www.littlehoop.edu
Q572430,Capella University,tier1,ipeds,Q23002052 Q3918,Q5035257,413413,http://www.capella.edu
Q5035685,Capital University,tier1,ipeds,Q23002054 Q3918,,201548,https://www.capital.edu/
Q5035867,Capitol Technology University,tier1,ipeds,Q1663017 Q23002054 Q902104,,162061,http://www.capitol-college.edu
Q5038617,Cardinal Stritch University,tier1,ipeds,Q23002054 Q557206,,238430,http://www.stritch.edu
Q5039438,Caribbean University,tier1,ipeds,Q3918,,241377,http://www.caribbean.edu
Q5041723,Carlos Albizu University,tier1,ipeds,Q3918,,241331,http://www.albizu.edu
Q5042860,Carlow University,tier1,ipeds,Q23002054 Q3918,,211431,https://www.carlow.edu/
Q190080,Carnegie Mellon University,tier1,ipeds,Q15936437 Q23002054 Q902104,,211440,https://cmu.edu
Q14707890,Carolina College of Biblical Studies,tier1,ipeds,Q3914 Q576603,,461032,http://ccbs.edu
Q5044906,Carolina University of Theology,tier1,ipeds,Q3918,,489937,https://www.cutofnova.org
Q1045167,Carroll University,tier1,ipeds,Q1377182 Q23002054 Q902104,,238458,http://www.carrollu.edu
Q3445010,Carson Newman University,tier1,ipeds,Q1743327 Q23002054 Q2385804,,219806,http://www.cn.edu
Q1047060,Case Western Reserve University,tier1,ipeds,Q23002054 Q45400320 Q902104,,201645,https://case.edu
Q5053147,Catholic Distance University,tier1,ipeds,Q557206 Q902104,,475398,https://www.cdu.edu
Q5053247,Catholic Theological Union,tier1,ipeds,Q14911880 Q23002054 Q233324,,143659,http://www.ctu.edu
Q5055525,Cazenovia College,tier1,ipeds,Q123602198 Q23002054 Q233324,,189848,https://www.cazenovia.edu/
Q5057029,Cedarville University,tier1,ipeds,Q1743327 Q23002054 Q3918,,201654,https://www.cedarville.edu/
Q5059076,Centenary College of Louisiana,tier1,ipeds,Q23002054 Q3918,,158477,http://www.centenary.edu
Q5060545,Central Christian College of Kansas,tier1,ipeds,Q1743327 Q189004 Q23002054,,154855,http://www.centralchristian.edu
Q5060546,Central Christian College of the Bible,tier1,ipeds,Q189004 Q23002054 Q576603,,176910,http://www.cccb.edu
Q1053764,Central Connecticut State University,tier1,ipeds,Q23002039 Q3918,Q1126210 Q30283149,128771,http://www.ccsu.edu
Q5061124,Central Georgia Technical College,tier1,ipeds,Q3918,,483045,http://www.centralgatech.edu
Q5061424,Central Methodist University,tier1,ipeds,Q209465 Q23002054 Q3918,,176947,https://www.centralmethodist.edu/
Q250205,Central Michigan University,tier1,ipeds,Q23002039 Q62078547,,169248,https://www.cmich.edu/
Q5061855,Central State University,tier1,ipeds,Q1620945 Q3914 Q3918 Q875538,Q2331177,201690,https://www.centralstate.edu/
Q1054064,Central Washington University,tier1,ipeds,Q23002039 Q3918,,234827,https://www.cwu.edu/
Q1725405,Chaminade University of Honolulu,tier1,ipeds,Q23002054 Q902104,,141486,https://chaminade.edu/
Q1805085,Chapman University,tier1,ipeds,Q23002054 Q3918,,111948,https://www.chapman.edu/
Q5081831,Charles R. Drew University of Medicine and Science,tier1,ipeds,Q1620945 Q23002054 Q3918,,111966,https://www.cdrewu.edu/
Q5084184,Charleston Southern University,tier1,ipeds,Q1743327 Q23002054 Q3918,,217688,http://www.csuniv.edu
Q32287,Charter Oak State College,tier1,ipeds,Q23002039 Q3918,,128780,http://www.charteroak.edu
Q5087708,Chatham University,tier1,ipeds,Q23002054 Q3918,,211556,http://www.chatham.edu
Q3445541,Cheyney University of Pennsylvania,tier1,ipeds,Q1620945 Q23002039 Q3918,Q3304232,211608,http://www.cheyney.edu
Q915866,Chicago State University,tier1,ipeds,Q23002039 Q875538,,144005,https://www.csu.edu/
Q5096717,Chief Dull Knife College,tier1,ipeds,Q23002039 Q3918 Q615150 Q7840326,,180160,http://cdkc.edu
Q5105527,Chowan University,tier1,ipeds,Q23002054 Q3918,,198303,https://www.chowan.edu/
Q5109383,Christian Brothers University,tier1,ipeds,Q23002054 Q3918,,219833,http://www.CBU.edu/
Q104843267,Christian Life College,tier1,ipeds,Q189004 Q23002054 Q576603,,112093,https://clc.edu/
Q3444675,Christopher Newport University,tier1,ipeds,Q23002039 Q3918 Q45400320,,231712,http://www.cnu.edu/
Q5120233,Cincinnati Christian University,tier1,ipeds,Q1743327 Q23002054 Q3918 Q576603,,201858,http://www.ccuniversity.edu
Q5123487,City University of Seattle,tier1,ipeds,Q23002054 Q3918,,234915,https://www.cityu.edu/
Q5123501,City Vision University,tier1,ipeds,Q23002054 Q3918,,457697,http://www.cityvision.edu
Q5125034,Claflin University,tier1,ipeds,Q1620945 Q23002054 Q3914 Q3918,,217873,https://www.claflin.edu/
Q50015,Claremont Graduate University,tier1,ipeds,Q23002054 Q902104,,112251,https://www.cgu.edu
Q5126317,Claremont Lincoln University,tier1,ipeds,Q3918,,488387,https://www.claremontlincoln.edu/
Q5126855,Clarendon College,tier1,ipeds,Q23002039 Q3918,,223922,http://www.clarendoncollege.edu
Q4572296,Clark Atlanta University,tier1,ipeds,Q1620945 Q23002054 Q902104,,138947,https://www.cau.edu/
Q1095773,Clark University,tier1,ipeds,Q1377182 Q20925702 Q209465 Q23002054 Q902104,,165334,http://www.clarku.edu
Q5127510,Clarke University,tier1,ipeds,Q23002054 Q902104,,153126,http://www.clarke.edu
Q931865,Clarkson University,tier1,ipeds,Q23002054 Q3918,,190044,https://clarkson.edu/
Q19864963,Clary Sage College,tier1,ipeds,Q3918,,450401,
Q5130334,Clayton State University,tier1,ipeds,Q23002039 Q3918,Q2495809,139311,https://clayton.edu/
Q5130680,Clear Creek Baptist Bible College,tier1,ipeds,Q23002054 Q3918 Q576603,,156417,http://www.ccbbc.edu/
Q5130976,Cleary University,tier1,ipeds,Q23002054 Q3918,,169327,http://www.cleary.edu
Q631066,Clemson University,tier1,ipeds,Q15936437 Q23002039 Q615150 Q875538,,217882,https://www.clemson.edu/
Q5132170,Cleveland Institute of Electronics,tier1,ipeds,Q3918,,202064,http://www.cie-wc.edu/
Q1100801,Cleveland State University,tier1,ipeds,Q23002039 Q875538 Q96888669,Q2331177,202134,http://www.csuohio.edu/
Q1104405,Coastal Carolina University,tier1,ipeds,Q23002039 Q3918,,218724,http://www.coastal.edu
Q7081914,Coastal Pines Technical College,tier1,ipeds,Q1371037 Q23002039,Q7692256,485458,http://www.coastalpines.edu/
Q1107305,Coker University,tier1,ipeds,Q23002054 Q3918,,217907,http://www.coker.edu
Q5143034,Coleman University,tier1,ipeds,Q23002054 Q3918,,112446,http://www.coleman.edu
Q1191335,Colgate University,tier1,ipeds,Q1377182 Q23002054 Q902104,,190099,https://www.colgate.edu/
Q16258657,College of Biblical Studies,tier1,ipeds,Q23002054 Q576603,,388520,http://www.cbshouston.edu
Q4507421,College of Charleston,tier1,ipeds,Q1377182 Q23002039 Q3918,,217819,http://www.cofc.edu
Q5146666,College of Coastal Georgia,tier1,ipeds,Q23002039 Q3918,Q2495809,139250,http://www.ccga.edu
Q5146744,College of Lake County,tier1,ipeds,Q1336920 Q23002039 Q3914 Q3918,,146472,http://www.clcillinois.edu
Q5146774,College of Menominee Nation,tier1,ipeds,Q23002054 Q3918 Q615150 Q7840326,,413617,http://www.menominee.edu
Q7726780,College of St. Scholastica,tier1,ipeds,Q1743327 Q189004 Q23002054,,174899,https://www.css.edu/
Q5146880,College of the Atlantic,tier1,ipeds,Q23002054 Q3918,,160959,https://www.coa.edu/
Q2620177,College of the Holy Cross,tier1,ipeds,Q1377182 Q23002054 Q3918,,166124,http://www.holycross.edu
Q875637,College of William & Mary,tier1,ipeds,Q23002039 Q62078547,,231624,https://www.wm.edu/
Q5148756,Colorado Christian University,tier1,ipeds,Q1743327 Q23002054,,126669,https://www.ccu.edu/
Q1507218,Colorado Mesa University,tier1,ipeds,Q23002039 Q3918 Q7075,,127556,https://www.coloradomesa.edu/
Q1111367,Colorado School of Mines,tier1,ipeds,Q15936437 Q1663017 Q23002039 Q3918,,126775,https://www.mines.edu/
Q1111640,Colorado State University,tier1,ipeds,Q23002039 Q615150 Q62078547,Q30279569,126818,https://www.colostate.edu/
Q1111515,Colorado State University Pueblo,tier1,ipeds,Q23002039 Q3918 Q7075,Q30279569,128106,https://www.csupueblo.edu/
Q5148968,Colorado Technical University,tier1,ipeds,Q23002052 Q3918,,126827,http://www.coloradotech.edu/colorado-springs
Q5149660,Columbia College Hollywood,tier1,ipeds,Q23002054 Q3918,,112570,http://www.columbiacollege.edu
Q1112489,Columbia International University,tier1,ipeds,Q23002054 Q233324 Q3918,,217925,https://www.ciu.edu/
Q49088,Columbia University,tier1,ipeds,Q1188663 Q15936437 Q23002054 Q902104,,190150,https://columbia.edu
Q5150130,Columbus State University,tier1,ipeds,Q23002039 Q3918,,139366,http://www.columbusstate.edu
Q5150133,Columbus Technical College,tier1,ipeds,Q23002039 Q3918,,139357,http://www.columbustech.edu/
Q127163001,Commonwealth University of Pennsylvania,tier1,ipeds,Q875538,,498562,https://www.commonwealthu.edu/
Q6751699,Commonwealth University-Mansfield,tier1,ipeds,Q23002039 Q3918,Q127163001 Q3304232,213783,https://www.commonwealthu.edu/campus-life/mansfield
Q5154688,Community College of Aurora,tier1,ipeds,Q23002039 Q3918,Q5148766,126863,http://www.ccaurora.edu
Q5154695,Community College of the Air Force,tier1,ipeds,Q1336920 Q917182,,100636,http://www.au.af.mil/au/barnes/ccaf/
Q5154694,Community College of Vermont,tier1,ipeds,Q23002039 Q3918,,230861,http://www.ccv.edu
Q5158896,Concord University,tier1,ipeds,Q23002039 Q3918,,237330,https://www.concord.edu/
Q5158955,Concordia College New York,tier1,ipeds,Q1743327 Q23002054,Q5159008,190248,http://www.concordia-ny.edu
Q1124179,Concordia Seminary,tier1,ipeds,Q23002054 Q233324 Q3918,Q693844,177092,http://www.csl.edu
Q5158997,Concordia University Ann Arbor,tier1,ipeds,Q1743327 Q23002054 Q902104,Q5159009,169363,https://cuaa.edu
Q5159004,Concordia University Chicago,tier1,ipeds,Q1743327 Q23002054 Q902104,Q5159008,144351,https://www.cuchicago.edu/
Q5158998,Concordia University Irvine,tier1,ipeds,Q1743327 Q23002054 Q3918,Q5159008,112075,http://www.cui.edu
Q5159001,Concordia University St. Paul,tier1,ipeds,Q23002054 Q902104,Q5159008,173328,https://www.csp.edu/
Q2992101,Concordia University Texas,tier1,ipeds,Q23002054 Q3918,Q5159008,224004,https://www.concordia.edu/
Q5159009,Concordia University Wisconsin,tier1,ipeds,Q1743327 Q23002054 Q902104,Q5159008,238616,https://www.cuw.edu/
Q5159000,"Concordia University, Nebraska",tier1,ipeds,Q23002054 Q3918,,180984,http://www.cune.edu
Q5168881,Coppin State University,tier1,ipeds,Q1620945 Q23002039 Q3918,Q1480532,162283,https://www.coppin.edu/
Q5169711,Corban University,tier1,ipeds,Q1743327 Q23002054 Q3918,,210331,https://www.corban.edu/
Q1132041,Corcoran School of the Arts & Design,tier1,ipeds,Q23002054 Q3918,Q432637 Q768446,131308,https://corcoran.gwu.edu/
Q49115,Cornell University,tier1,ipeds,Q15936437 Q23002054 Q615150 Q7638697 Q902104,,190415,https://cornell.edu
Q5171689,Cornerstone University,tier1,ipeds,Q1743327 Q23002054 Q3918,,170037,https://www.cornerstone.edu
Q5178987,Covenant College,tier1,ipeds,Q1377182 Q1743327 Q23002054,,139393,http://www.covenant.edu
Q770544,Creighton University,tier1,ipeds,Q23002054 Q3918 Q45400320,,181002,http://www.creighton.edu
Q5186546,Criswell College,tier1,ipeds,Q1743327 Q189004,,475608,http://www.criswell.edu
Q5189332,Crown College,tier1,ipeds,Q1743327 Q189004 Q23002054,,174862,http://www.crown.edu
Q1143412,Culinary Institute of America,tier1,ipeds,Q23002054 Q5167149 Q902104,,190503,https://www.ciachef.edu
Q1143711,Cumberland University,tier1,ipeds,Q23002054 Q902104,,219949,http://www.cumberland.edu
Q5203187,D'Youville University,tier1,ipeds,Q23002054 Q3918,,190716,https://www.dyc.edu
Q5210049,Dakota State University,tier1,ipeds,Q23002039 Q875538,,219082,https://dsu.edu/
Q5210062,Dakota Wesleyan University,tier1,ipeds,Q23002054 Q3918,,219091,https://www.dwu.edu/
Q5211272,Dallas Baptist University,tier1,ipeds,Q1743327 Q23002054 Q3918,,224226,https://www.dbu.edu/
Q5211292,Dallas Christian College,tier1,ipeds,Q1743327 Q23002054 Q3918,,224244,http://www.dallas.edu
Q49116,Dartmouth College,tier1,ipeds,Q1188663 Q15936437 Q23002054 Q45400320 Q902104,,182670,https://home.dartmouth.edu
Q5230267,Davenport University,tier1,ipeds,Q23002054 Q3918,,169479,https://www.davenport.edu/
Q5241855,Davis College,tier1,ipeds,Q1743327 Q189004 Q23002054,,194569,http://www.davisny.edu/
Q3704937,Delaware County Community College,tier1,ipeds,Q23002039 Q3918,,211927,http://www.dccc.edu
Q1183967,Delaware State University,tier1,ipeds,Q1620945 Q23002039 Q3918 Q615150,,130934,http://www.desu.edu
Q3887993,Delta State University,tier1,ipeds,Q23002039 Q3918,,175616,https://www.deltastate.edu/
Q1179603,DePaul University,tier1,ipeds,Q23002054 Q3918,,144740,http://www.depaul.edu
Q5263531,Des Moines University,tier1,ipeds,Q23002054 Q3918,,154156,http://www.dmu.edu
Q5244080,DeSales University,tier1,ipeds,Q23002054 Q3918,,210739,https://www.desales.edu/
Q3298441,DeVry University,tier1,ipeds,Q902104,Q5244154,184269,https://www.devry.edu/
Q5273748,Dickinson State University,tier1,ipeds,Q23002039 Q3918,Q3878529,200059,https://dickinsonstate.edu/
Q1027869,DigiPen Institute of Technology,tier1,ipeds,Q23002052 Q3918,,443410,https://www.digipen.edu/
Q4359655,Dillard University,tier1,ipeds,Q1620945 Q23002054 Q3918,,158802,http://www.dillard.edu
Q5278773,Diné College,tier1,ipeds,Q1336920 Q23002039 Q615150 Q7840326,,105297,https://dinecollege.edu
Q5284145,Divine Word College,tier1,ipeds,Q14911880 Q23002054,,153241,http://www.dwci.edu
Q5290747,Dominican House of Studies,tier1,ipeds,Q14911880 Q23002054,,131405,http://www.dhs.edu/
Q1237670,Dominican School of Philosophy and Theology,tier1,ipeds,Q14911880 Q23002054,,113704,http://www.dspt.edu
Q5290854,Dominican University,tier1,ipeds,Q23002054 Q3918 Q557206,,148496,https://www.dom.edu/
Q3112939,Dordt University,tier1,ipeds,Q1743327 Q23002054 Q3914,,153250,http://www.dordt.edu
Q5305629,Drake University,tier1,ipeds,Q23002054 Q902104,,153269,https://www.drake.edu/
Q1795487,Drew University,tier1,ipeds,Q167346 Q23002054 Q3918,,184348,https://drew.edu
Q603034,Drexel University,tier1,ipeds,Q15936437 Q23002054,,212054,https://drexel.edu/
Q5309401,Drury University,tier1,ipeds,Q23002054 Q3918,,177214,http://www.drury.edu
Q168751,Duke University,tier1,ipeds,Q23002054 Q3918 Q45400320,,198419,https://duke.edu
Q5315811,Dunwoody College of Technology,tier1,ipeds,Q23002054 Q3918,,175227,http://www.dunwoody.edu
Q74343,Duquesne University,tier1,ipeds,Q23002054 Q557206,,212106,http://www.duq.edu
Q1277776,East Carolina University,tier1,ipeds,Q23002039 Q62078547,Q1191202,198464,https://www.ecu.edu/
Q5328060,East Central University,tier1,ipeds,Q23002039 Q3918,,207041,https://www.ecok.edu
Q5329446,East Stroudsburg University of Pennsylvania,tier1,ipeds,Q23002039 Q3918,Q3304232,212115,https://www.esu.edu/
Q634669,East Tennessee State University,tier1,ipeds,Q23002039 Q3918,,220075,http://www.etsu.edu
Q2407584,East Texas A&M University,tier1,ipeds,Q23002039 Q3918,Q1781044,224554,https://www.etamu.edu
Q5329516,East Texas Baptist University,tier1,ipeds,Q1743327 Q23002054 Q3918,,224527,https://www.etbu.edu/
Q1278152,Eastern Connecticut State University,tier1,ipeds,Q23002039 Q3918,Q30283149,129215,http://www.easternct.edu/
Q624985,Eastern Illinois University,tier1,ipeds,Q23002039 Q7432532 Q875538,,144892,http://www.eiu.edu/
Q1278206,Eastern Kentucky University,tier1,ipeds,Q23002039 Q3918,,156620,http://www.eku.edu
Q1278210,Eastern Mennonite University,tier1,ipeds,Q209465 Q23002054 Q3918,,232043,https://emu.edu/
Q1278221,Eastern Michigan University,tier1,ipeds,Q23002039 Q875538,,169798,https://www.emich.edu
Q3046576,Eastern Nazarene College,tier1,ipeds,Q1743327 Q23002054,,165644,http://www.enc.edu
Q10854154,Eastern New Mexico University,tier1,ipeds,Q23002039 Q3918 Q875538,,187648,https://www.enmu.edu/
Q1278219,Eastern Oregon University,tier1,ipeds,Q23002039 Q875538,,208646,https://www.eou.edu/
Q5330550,Eastern University,tier1,ipeds,Q118836545 Q1743327 Q23002054 Q3918,,212133,http://www.eastern.edu
Q1278253,Eastern Washington University,tier1,ipeds,Q23002039 Q3918,,235097,http://www.ewu.edu
Q5331048,East–West University,tier1,ipeds,Q23002054 Q3918,,144883,http://www.eastwest.edu
Q5322728,ECPI University,tier1,ipeds,Q902104,,248934,http://www.ecpi.edu
Q5361029,Elim Bible Institute and College,tier1,ipeds,Q1971849 Q576603,,488305,http://www.elim.edu
Q5362587,Elizabeth City State University,tier1,ipeds,Q1620945 Q23002039 Q3914 Q3918,Q1191202,198507,https://www.ecsu.edu/
Q4568893,Elon University,tier1,ipeds,Q3918,,198516,https://www.elon.edu
Q3052113,Embry–Riddle Aeronautical University,tier1,ipeds,Q23002054 Q3918 Q45400320,,426314,https://erau.edu/
Q1335573,Emerson College,tier1,ipeds,Q23002054 Q3918,,165662,https://emerson.edu/
Q5373193,Emmanuel College,tier1,ipeds,Q1743327 Q23002054,,165671,https://www.emmanuel.edu/
Q5373192,Emmanuel University,tier1,ipeds,Q1743327 Q23002054 Q902104,,139630,http://www.ec.edu
Q5373396,Emmaus Bible College,tier1,ipeds,Q189004 Q23002054 Q576603,,153302,http://www.emmaus.edu
Q621043,Emory University,tier1,ipeds,Q23002054 Q902104,,139658,https://emory.edu
Q5374058,Empire College,tier1,ipeds,Q902104,,114123,http://www.empcol.edu/
Q1339396,Emporia State University,tier1,ipeds,Q23002039 Q3918,,155025,http://www.emporia.edu
Q4569311,Evangel University,tier1,ipeds,Q1743327 Q23002054 Q3918,,177339,http://www.evangel.edu/
Q5417138,Everglades University,tier1,ipeds,Q23002054 Q3918,,385619,https://www.evergladesuniversity.edu/
Q1393265,Fairfield University,tier1,ipeds,Q23002054 Q867738 Q902104,,129242,http://fairfield.edu/
Q1393301,Fairleigh Dickinson University,tier1,ipeds,Q163740 Q23002054 Q3918,,184603,https://www.fdu.edu/
Q106927252,Fairleigh Dickinson University–Florham,tier1,ipeds,Q209465 Q2385804 Q3918,Q1393301,184694,https://www.fdu.edu/campuses/florham-campus/
Q4981651,Fairmont State University,tier1,ipeds,Q23002039 Q875538,,237367,http://www.fairmontstate.edu/
Q5431147,Faith Baptist Bible College and Theological Seminary,tier1,ipeds,Q23002054 Q233324 Q576603,,153320,http://www.faith.edu
Q5436719,Fashion Careers College,tier1,ipeds,Q3918,,114372,
Q4571885,Faulkner University,tier1,ipeds,Q1743327 Q23002054 Q3918,,101189,http://www.faulkner.edu
Q1399078,Fayetteville State University,tier1,ipeds,Q1620945 Q23002039 Q3914 Q3918,Q1191202,198543,https://www.uncfsu.edu/
Q1407897,Ferris State University,tier1,ipeds,Q23002039 Q3918,,169910,https://www.ferris.edu/
Q5447173,Fielding Graduate University,tier1,ipeds,Q23002054 Q3918,,114549,http://www.fielding.edu
Q5450208,Finger Lakes School of Massage,tier1,ipeds,Q23002052 Q3918,,457864,http://www.flsm.edu
Q49087,Fisk University,tier1,ipeds,Q1620945 Q23002054 Q3914 Q902104,,220181,https://www.fisk.edu/
Q4982087,Fitchburg State University,tier1,ipeds,Q23002039 Q3918,,165820,https://www.fitchburgstate.edu/
Q5455840,Five Branches University,tier1,ipeds,Q23002052 Q3918,,114585,http://www.fivebranches.edu
Q5456945,Flagler College – Tallahassee Campus,tier1,ipeds,Q23002054 Q3918,,444990,http://www.flagler.edu
Q1430048,Florida A&M University,tier1,ipeds,Q1620945 Q23002039 Q3914 Q3918 Q615150,Q3382998,133650,https://www.famu.edu/
Q429863,Florida Atlantic University,tier1,ipeds,Q23002039 Q3918,Q3382998,133669,https://www.fau.edu/
Q5461269,Florida Christian College,tier1,ipeds,Q1743327 Q23002054,,132879,http://www.fcc.edu
Q5461285,Florida College,tier1,ipeds,Q189004 Q23002054 Q576603,,133809,http://www.floridacollege.edu
Q1430054,Florida Gulf Coast University,tier1,ipeds,Q23002039 Q3918 Q498162,Q3382998,433660,http://www.fgcu.edu
Q3152650,Florida Institute of Technology,tier1,ipeds,Q1371037 Q23002054,,133881,https://www.fit.edu/
Q1065809,Florida International University,tier1,ipeds,Q23002039 Q875538,Q3382998,133951,https://www.fiu.edu/
Q16993532,Florida National University,tier1,ipeds,Q23002052 Q3918,,408844,http://www.fnu.edu
Q5461548,Florida Polytechnic University,tier1,ipeds,Q3918,Q3382998,482936,http://floridapolytechnic.org/
Q5461608,Florida State College at Jacksonville,tier1,ipeds,Q3918,,133702,http://www.fscj.edu
Q861548,Florida State University,tier1,ipeds,Q23002039 Q875538,Q3382998,134097,https://fsu.edu
Q8564259,Fond du Lac Tribal and Community College,tier1,ipeds,Q1336920 Q23002039 Q615150 Q7840326,,380368,http://www.fdltcc.edu
Q5465153,Fontbonne University,tier1,ipeds,Q23002054 Q3918,,177418,https://www.fontbonne.edu/
Q130965,Fordham University,tier1,ipeds,Q163740 Q23002054 Q902104,,191241,https://fordham.edu/
Q591426,Fort Hays State University,tier1,ipeds,Q23002039 Q3918,Q6364589,155061,https://www.fhsu.edu/
Q21410979,Fort Hays Tech North Central,tier1,ipeds,Q875538,,155593,https://www.ncktc.edu
Q1438597,Fort Lewis College,tier1,ipeds,Q23002039 Q3918 Q7075,,127185,https://www.fortlewis.edu/
Q5471807,Fort Peck Community College,tier1,ipeds,Q1336920 Q23002039 Q615150 Q7840326,,180212,http://www.fpcc.edu
Q5472214,Fort Valley State University,tier1,ipeds,Q1620945 Q23002039 Q3918 Q615150,Q2495809,139719,https://www.fvsu.edu/
Q5472670,Fortis College,tier1,ipeds,Q3918,,371052,http://www.fortis.edu/
Q5477034,Fox Valley Technical College,tier1,ipeds,Q23002039 Q3918,,238722,https://www.fvtc.edu/
Q4982077,Framingham State University,tier1,ipeds,Q23002039 Q3918,,165866,https://www.framingham.edu/
Q1441652,Francis Marion University,tier1,ipeds,Q23002039 Q3918,,218061,https://www.fmarion.edu/
Q5483015,Franciscan School of Theology,tier1,ipeds,Q14911880 Q23002054,,114734,http://www.fst.edu
Q5483039,Franciscan University of Steubenville,tier1,ipeds,Q23002054 Q3918 Q557206 Q811430 Q867738,,205957,https://franciscan.edu/
Q5491762,Franklin Pierce University,tier1,ipeds,Q23002054 Q3918,,182795,http://www.franklinpierce.edu
Q4570194,Franklin University,tier1,ipeds,Q23002054 Q3918,,202806,https://www.franklin.edu/
Q11347596,Frederick S. Pardee RAND Graduate School,tier1,ipeds,Q23002054 Q3918,Q861141,121628,http://www.prgs.edu
Q2587376,Fresno Pacific University,tier1,ipeds,Q1743327 Q23002054 Q3918,,114813,https://www.fresno.edu/
Q284508,Friends University,tier1,ipeds,Q23002054 Q3918 Q867738,,155089,http://www.friends.edu
Q1470544,Frostburg State University,tier1,ipeds,Q23002039 Q3918,Q1480532,162584,https://www.frostburg.edu/
Q5508130,Full Sail University,tier1,ipeds,Q23002052 Q3918,,134237,https://www.fullsail.edu/
Q262617,Fuller Theological Seminary,tier1,ipeds,Q23002054 Q233324 Q3918,,114840,http://www.fuller.edu
Q1056373,Gallaudet University,tier1,ipeds,Q23002054 Q3918,,131450,https://gallaudet.edu
Q5521430,Gannon University,tier1,ipeds,Q23002054 Q3918,,212601,https://www.gannon.edu/
Q3551409,Gardner–Webb University,tier1,ipeds,Q1743327 Q23002054 Q3918,,198561,https://www.gardner-webb.edu
Q5527226,Gateway Community and Technical College,tier1,ipeds,Q23002039 Q3918,Q6392203,157438,http://www.gateway.kctcs.edu
Q5532987,Geneva College,tier1,ipeds,Q1743327 Q23002054,,212656,https://www.geneva.edu/
Q5539406,George Fox University,tier1,ipeds,Q1743327 Q23002054 Q3918,,208822,https://www.georgefox.edu
Q1411222,George Mason University,tier1,ipeds,Q23002039 Q3918,,232186,https://www.gmu.edu/
Q432637,George Washington University,tier1,ipeds,Q15936437 Q23002054 Q45400320 Q902104,,131469,https://www.gwu.edu
Q5546985,Georgetown College,tier1,ipeds,Q1377182 Q1743327 Q23002054,,156745,http://www.georgetowncollege.edu
Q333886,Georgetown University,tier1,ipeds,Q15936437 Q23002054 Q557206 Q902104,,131496,https://www.georgetown.edu
Q5547419,Georgia College & State University,tier1,ipeds,Q23002039 Q3918,,139861,https://www.gcsu.edu/
Q16994039,Georgia Highlands College,tier1,ipeds,Q23002039 Q3918,Q2495809,139700,http://www.highlands.edu
Q5547599,Georgia Military College,tier1,ipeds,Q23002039 Q3918,,485111,http://www.gmc.cc.ga.us/
Q16994044,Georgia Northwestern Technical College,tier1,ipeds,Q23002039 Q3918,Q7692256,139384,http://www.gntc.edu
Q5547660,Georgia Piedmont Technical College,tier1,ipeds,Q3918,Q7692256,244446,http://www.gptc.edu/
Q624959,Georgia Southern University,tier1,ipeds,Q23002039 Q3918 Q45400320,Q2495809,139931,http://www.georgiasouthern.edu
Q4793919,Georgia Southern University-Armstrong Campus,tier1,ipeds,Q23002039 Q3918,,138789,https://www.georgiasouthern.edu/
Q5547746,Georgia Southwestern State University,tier1,ipeds,Q23002039 Q3918,Q2495809,139764,https://gsw.edu/
Q1509333,Georgia State University,tier1,ipeds,Q23002039 Q36161 Q45400320 Q62078547,Q2495809,139940,http://www.gsu.edu
Q864855,Georgia Tech,tier1,ipeds,Q1371037 Q23002039 Q62078547,Q2495809,139755,https://gatech.edu
Q5548012,Georgian Court University,tier1,ipeds,Q23002054 Q3918,,184773,http://www.georgian.edu/
Q5571018,Globe University/Minnesota School of Business,tier1,ipeds,Q1143635 Q23002052 Q3918,,451769,http://www.globeuniversity.edu/
Q5575668,God's Bible School and College,tier1,ipeds,Q189004 Q23002054 Q576603,,202903,http://www.gbs.edu
Q1534879,Golden Gate University,tier1,ipeds,Q23002054 Q3918,,115083,http://www.ggu.edu
Q1537303,Gonzaga University,tier1,ipeds,Q110225820 Q23002054,,235316,https://www.gonzaga.edu/
Q5585004,Gordon College,tier1,ipeds,Q1743327 Q189004 Q23002054,,165936,https://www.gordon.edu/
Q5585003,Gordon State College,tier1,ipeds,Q23002039 Q3918,Q2495809,139968,http://www.gordonstate.edu
Q1540471,Governors State University,tier1,ipeds,Q23002039 Q3918,,145336,https://www.govst.edu/
Q5591004,Grace Christian University,tier1,ipeds,Q23002054 Q576603,,170000,http://www.gbcol.edu
Q5591059,Grace College & Seminary,tier1,ipeds,Q1743327 Q23002054 Q233324,,150677,http://www.grace.edu
Q3113029,Graceland University,tier1,ipeds,Q23002054 Q902104,,153366,http://www.graceland.edu
Q5592028,Graduate School USA,tier1,ipeds,Q3918,,483285,http://www.graduateschool.edu/
Q3113166,Graduate Theological Union,tier1,ipeds,Q23002054 Q3918,,115214,http://gtu.edu/
Q5593620,Grambling State University,tier1,ipeds,Q1620945 Q23002039 Q3918,Q2495858,159009,http://www.gram.edu
Q4570025,Grand Canyon University,tier1,ipeds,Q23002052 Q23002054 Q3918,,104717,https://www.gcu.edu/
Q1472315,Grand Valley State University,tier1,ipeds,Q23002039 Q3918,,170082,http://www.gvsu.edu/
Q5595242,Grand View University,tier1,ipeds,Q23002054 Q3918,,153375,http://www.grandview.edu
Q5595931,Granite State College,tier1,ipeds,Q23002039 Q3918,Q7894951,183257,http://www.granite.edu
Q5598396,Grayson College,tier1,ipeds,Q23002039 Q3918,,225070,http://www.grayson.edu
Q5599153,Great Falls College Montana State University,tier1,ipeds,Q23002039 Q3918,,180249,http://www.gfcmsu.edu
Q5599431,Great Lakes Christian College,tier1,ipeds,Q23002054 Q3918 Q576603,,170091,https://www.glcc.edu/
Q5604671,Greenville University,tier1,ipeds,Q1244442 Q1743327 Q23002054 Q3914,,145372,http://www.greenville.edu
Q5611381,Grove City College,tier1,ipeds,Q1377182 Q1743327 Q23002054,,212805,https://www.gcc.edu/
Q5645170,Hamilton Technical College,tier1,ipeds,Q1371037 Q23002052,,153427,http://www.hamiltontechcollege.edu
Q1366519,Hamline University,tier1,ipeds,Q23002054 Q902104,,173665,http://www.hamline.edu
Q1797817,Hampton University,tier1,ipeds,Q1620945 Q23002054 Q3914 Q3918,,232265,http://www.hamptonu.edu
Q5649147,Hannibal-LaGrange University,tier1,ipeds,Q1743327 Q23002054 Q3918,,177542,https://www.hlg.edu/
Q5656138,Harding University,tier1,ipeds,Q1377182 Q23002054 Q3918,,107044,http://www.harding.edu
Q6356958,Hardin–Simmons University,tier1,ipeds,Q1743327 Q23002054 Q3918 Q41176,,225247,https://www.hsutx.edu/
Q5665307,Harrisburg University of Science and Technology,tier1,ipeds,Q23002054 Q2385804 Q3918,,446640,http://www.harrisburgu.edu
Q5666316,Harris–Stowe State University,tier1,ipeds,Q1620945 Q23002039 Q3914 Q3918,,177551,http://www.hssu.edu
Q4496116,Hartford International University for Religion and Peace,tier1,ipeds,Q23002054 Q233324 Q3918,,129491,http://www.hartsem.edu
Q13371,Harvard University,tier1,ipeds,Q1188663 Q15936437 Q23002054 Q902104,Q7241254,166027,https://www.harvard.edu
Q845332,Haskell Indian Nations University,tier1,ipeds,Q209465 Q2096204 Q23002039 Q3918 Q615150 Q7840326,,155140,http://www.haskell.edu
Q579611,Haverford College,tier1,ipeds,Q23002054 Q3918,,212911,https://www.haverford.edu/
Q1591615,Hawaii Pacific University,tier1,ipeds,Q23002054 Q3918,,141644,https://www.hpu.edu/
Q5684417,Hawaii Technology Institute,tier1,ipeds,Q3918,,444626,http://www.hti.edu
Q5698693,Heidelberg University,tier1,ipeds,Q23002054 Q3918,,203085,https://www.heidelberg.edu/
Q1604967,Henderson State University,tier1,ipeds,Q23002039 Q3918,,107071,https://www.hsu.edu/
Q5738742,Heritage Christian University,tier1,ipeds,Q23002054 Q3918,,101453,https://www.hcu.edu/
Q5739095,Heritage University,tier1,ipeds,Q23002054 Q3918,,235422,http://www.heritage.edu
Q5756235,High Point University,tier1,ipeds,Q23002054 Q3918,,198695,https://www.highpoint.edu
Q5876115,Hodges University,tier1,ipeds,Q23002054 Q3918,,367884,http://www.hodges.edu
Q1623314,Hofstra University,tier1,ipeds,Q23002054 Q902104,,191649,https://www.hofstra.edu
Q722186,Holy Apostles College and Seminary,tier1,ipeds,Q14911880 Q23002054,,129534,http://www.holyapostles.edu
Q3139537,Holy Family University,tier1,ipeds,Q23002054 Q902104,,212984,http://www.holyfamily.edu
Q5885852,Holy Names University,tier1,ipeds,Q23002054 Q3918,,115728,http://www.hnu.edu
Q2475371,Hope College,tier1,ipeds,Q1743327 Q20925702 Q23002054 Q6540832,,170301,https://hope.edu/
Q5899317,Hope International University,tier1,ipeds,Q1743327 Q23002054 Q3918,,120537,http://www.hiu.edu
Q4500472,Houghton University,tier1,ipeds,Q1377182 Q1743327 Q23002054,,191676,http://www.houghton.edu
Q5916417,Houston Christian University,tier1,ipeds,Q1743327 Q23002054 Q3918 Q41176,,225399,http://www.hc.edu/
Q5920583,Howard Payne University,tier1,ipeds,Q1743327 Q23002054 Q3918,,225548,http://www.hputx.edu
Q1068752,Howard University,tier1,ipeds,Q1620945 Q23002054 Q3914 Q902104,,131520,https://howard.edu
Q1446181,Hunter College,tier1,ipeds,Q23002039 Q3918,Q762266,190594,https://hunter.cuny.edu/
Q5945524,Huntington University,tier1,ipeds,Q1743327 Q23002054 Q3918,,150941,http://www.huntington.edu
Q5949943,Husson University,tier1,ipeds,Q23002054 Q3918,,487524,https://www.husson.edu/
Q5968293,IADT Tampa,tier1,ipeds,Q23002052 Q3918,,134680,http://www.sanfordbrown.edu/tampa
Q16985483,ICDC College,tier1,ipeds,Q23002052 Q3918,,437662,http://icdccollege.edu
Q1656608,Idaho State University,tier1,ipeds,Q23002039 Q62078547,,142276,http://www.isu.edu/
Q19880836,IGlobal University,tier1,ipeds,Q3918,,483780,http://www.iglobal.edu
Q5999410,Illinois College of Optometry,tier1,ipeds,Q23002054 Q3918,,145628,http://www.ico.edu
Q659706,Illinois Institute of Technology,tier1,ipeds,Q23002054 Q3918,,145725,http://www.iit.edu
Q558922,Illinois State University,tier1,ipeds,Q23002039 Q3918 Q45400320,,145813,https://illinoisstate.edu/
Q2159219,Illinois Wesleyan University,tier1,ipeds,Q23002054 Q3918,,145646,https://www.iwu.edu/
Q6004301,Immaculata University,tier1,ipeds,Q23002054 Q3918,Q30288463,213011,https://www.immaculata.edu/
Q6016225,Independence University,tier1,ipeds,Q3918,Q5059634,465812,http://www.independence.edu/
Q14688450,Indiana Institute of Technology,tier1,ipeds,Q1371037 Q23002054,,151290,https://www.indianatech.edu/
Q666128,Indiana State University,tier1,ipeds,Q23002039 Q875538,,151324,http://www.indstate.edu
Q1079140,Indiana University Bloomington,tier1,ipeds,Q23002039 Q62078547,Q6608367,151351,https://bloomington.iu.edu
Q11287623,Indiana University Kokomo,tier1,ipeds,Q23002039 Q3918,Q6608367,151333,http://www.iuk.edu
Q6023619,Indiana University Northwest,tier1,ipeds,Q23002039 Q3918,Q6608367,151360,https://northwest.iu.edu/
Q1661325,Indiana University of Pennsylvania,tier1,ipeds,Q23002039 Q3918,Q3304232,213020,http://www.iup.edu
Q6023656,Indiana University Southeast,tier1,ipeds,Q23002039 Q3918,Q6608367,151379,http://ius.edu/
Q6023698,Indiana Wesleyan University,tier1,ipeds,Q1743327 Q23002054 Q233324,,151801,https://www.indwes.edu/
Q30263394,Institute for Doctoral Studies in the Visual Arts,tier1,ipeds,Q2385804 Q3918,,462044,http://www.idsva.edu/
Q6039770,Institute for the Psychological Sciences,tier1,ipeds,Q23002054 Q3918,,445869,https://divinemercy.edu/ips/
Q4201524,Institute of American Indian Arts,tier1,ipeds,Q100731037 Q23002039 Q383092 Q615150 Q7840326,,187745,https://iaia.edu
Q6039967,Institute of Buddhist Studies,tier1,ipeds,Q1971849 Q902104,,489335,http://www.shin-ibs.edu
Q6039214,Institute of Clinical Acupuncture and Oriental Medicine,tier1,ipeds,Q23002052 Q3918,,444699,http://www.orientalmedicine.edu
Q16997053,Instituto de Banca y Comercio,tier1,ipeds,Q3918,,242422,http://www.ibanca.net
Q6045490,Interamerican University of Puerto Rico at Ponce,tier1,ipeds,Q3918,,242662,http://ponce.inter.edu
Q6045485,"Interamerican University of Puerto Rico, Metropolitan Campus",tier1,ipeds,Q3918,,242653,http://www.metro.inter.edu/index.asp
Q16997124,"Interamerican University of Puerto Rico, School of Optometry",tier1,ipeds,Q3918,,404222,http://www.optonet.inter.edu/#
Q6048037,International Academy of Design & Technology – Detroit,tier1,ipeds,Q23002052 Q2385804 Q3918,,445124,http://www.iadt.edu
Q16849051,International Academy of Design & Technology – Sacramento,tier1,ipeds,Q23002052 Q3918,,450447,http://www.iadtsacramento.com
Q13428213,International Baptist College,tier1,ipeds,Q189004 Q23002054 Q233324 Q576603,,436614,http://www.ibcs.edu/ibc/
Q6053849,International Technological University,tier1,ipeds,Q23002054 Q3918,,443128,http://itu.edu
Q1136919,Iowa State University,tier1,ipeds,Q106668099 Q23002039 Q615150 Q62078547,,153603,https://www.iastate.edu
Q5123725,Irell & Manella Graduate School of Biological Sciences,tier1,ipeds,Q23002054 Q3918,,441238,https://www.cityofhope.org/grad-school
Q3540690,Ithaca College,tier1,ipeds,Q23002054 Q902104,,191968,https://www.ithaca.edu/
Q6099948,"Ivy Tech Community College, Central Indiana Region",tier1,ipeds,Q23002039 Q3918,,150987,http://www.ivytech.edu
Q4833663,Iḷisaġvik College,tier1,ipeds,Q189004 Q23002039 Q615150 Q7840326,,434584,http://www.ilisagvik.edu
Q1747601,Jackson State University,tier1,ipeds,Q1620945 Q23002039 Q3918,,175856,http://www.jsums.edu
Q16973332,Jacksonville College,tier1,ipeds,Q1743327 Q23002054,,225876,http://www.jacksonville-college.edu
Q957995,Jacksonville State University,tier1,ipeds,Q23002039 Q3918,,101480,http://www.jsu.edu/
Q935018,Jacksonville University,tier1,ipeds,Q23002054 Q3918,,134945,https://www.ju.edu
Q258943,James Madison University,tier1,ipeds,Q23002039 Q875538,,232423,http://www.jmu.edu/
Q6161219,Jarvis Christian University,tier1,ipeds,Q1620945 Q23002054 Q3918,,225885,http://www.jarvis.edu
Q6188028,Jesuit School of Theology of Santa Clara University,tier1,ipeds,Q129844515 Q180958,Q168756,116624,http://www.scu.edu/jst/
Q6223569,John Brown University,tier1,ipeds,Q1743327 Q23002054 Q3918,,107141,http://www.jbu.edu
Q1666981,John Carroll University,tier1,ipeds,Q110225820 Q23002054,,203368,https://www.jcu.edu/
Q10857990,John F. Kennedy University,tier1,ipeds,Q1321960 Q23002054 Q3918,,116712,http://www.jfku.edu
Q6252298,John Paul the Great Catholic University,tier1,ipeds,Q3918,,462354,http://www.jpcatholic.com
Q193727,Johns Hopkins University,tier1,ipeds,Q23002054 Q31855 Q45400320 Q902104,,162928,https://jhu.edu
Q11979088,Johnson C. Smith University,tier1,ipeds,Q1620945 Q23002054 Q3914 Q3918,,198756,https://www.jcsu.edu
Q12060891,Johnson University,tier1,ipeds,Q23002054 Q3918 Q576603,,220473,http://johnsonu.edu/
Q6275220,Jones International University,tier1,ipeds,Q23002052 Q3918,,444723,http://www.jiu.edu
Q6304221,Judson College,tier1,ipeds,Q1743327 Q189004 Q22713629 Q23002054,,101541,http://www.judson.edu
Q1711141,Judson University,tier1,ipeds,Q1743327 Q23002054 Q3918,,146339,http://www.judsonu.edu
Q6364916,Kansas City University,tier1,ipeds,Q23002054 Q3918 Q494230,,179812,http://www.kcumb.edu
Q31249,Kansas State University,tier1,ipeds,Q23002039 Q615150 Q875538,Q6364589,155399,http://www.k-state.edu
Q6365149,Kansas Wesleyan University,tier1,ipeds,Q23002054 Q3918,,155414,https://www.kwu.edu/
Q6382148,Kean University,tier1,ipeds,Q23002039 Q3918,,185262,https://www.kean.edu/
Q6383859,Keiser University,tier1,ipeds,Q23002054 Q902104,,135081,http://www.keiseruniversity.edu
Q6388894,Kendall College,tier1,ipeds,Q23002052 Q3918,Q6974219,146393,http://www.kendall.edu
Q1532470,Kennesaw State University,tier1,ipeds,Q23002039 Q45400320 Q875538,Q2495809,486840,https://www.kennesaw.edu/
Q6391348,Kenrick–Glennon Seminary,tier1,ipeds,Q14911880 Q23002054,,177816,http://www.kenrick.edu
Q16998232,Kensington College,tier1,ipeds,Q23002052 Q3918,,397270,http://www.bristoluniversity.edu
Q1473615,Kent State University,tier1,ipeds,Q23002039 Q62078547,Q2331177,203517,https://www.kent.edu
Q6391915,Kent State University at Ashtabula,tier1,ipeds,Q23002039 Q3918,Q2331177,203447,http://www.ashtabula.kent.edu
Q6391917,Kent State University at East Liverpool,tier1,ipeds,Q23002039 Q3918,Q2331177,203456,http://www.eliv.kent.edu
Q6391918,Kent State University at Salem,tier1,ipeds,Q23002039 Q3918,Q2331177,203492,http://www.salem.kent.edu
Q6391919,Kent State University at Stark,tier1,ipeds,Q23002039 Q3918,Q2331177,203465,http://www.stark.kent.edu
Q6392195,Kentucky Christian University,tier1,ipeds,Q1743327 Q23002054 Q3918,,157100,http://www.kcu.edu
Q6392309,Kentucky Mountain Bible College,tier1,ipeds,Q189004 Q23002054 Q576603,,157030,http://www.kmbc.edu/
Q1187623,Kentucky State University,tier1,ipeds,Q1620945 Q23002039 Q615150 Q875538,,157058,https://www.kysu.edu/
Q1739079,Kentucky Wesleyan College,tier1,ipeds,Q23002054 Q3918,,157076,https://kwc.edu/
Q2982989,Kettering College,tier1,ipeds,Q1743327 Q189004 Q23002054,,203544,http://www.kc.edu
Q6395480,Kettering University,tier1,ipeds,Q23002054 Q3918,,169983,http://www.kettering.edu
Q6395612,Keuka College,tier1,ipeds,Q23002054 Q3918,,192192,https://www.keuka.edu/
Q6412129,King University,tier1,ipeds,Q1743327 Q23002054 Q3918,,220516,https://www.king.edu/
Q1340908,Kutztown University,tier1,ipeds,Q23002039 Q3918 Q498162,Q3304232,213349,https://www.kutztown.edu/
Q3106542,La Salle University,tier1,ipeds,Q23002054 Q557206,,213367,http://www.lasalle.edu
Q6465284,La Sierra University,tier1,ipeds,Q1743327 Q23002054 Q3918,,117627,http://www.lasierra.edu
Q6467575,Labouré College,tier1,ipeds,Q23002054 Q3918,,165264,http://www.laboure.edu/laboure/about-us
Q6467825,Lac Courte Oreilles Ojibwa University,tier1,ipeds,Q1336920 Q23002039 Q615150 Q7840326,,260372,http://www.lco.edu
Q6476901,Lake Michigan College,tier1,ipeds,Q23002039 Q3918,,170620,http://www.lakemichigancollege.edu
Q1591654,Lake Superior State University,tier1,ipeds,Q23002039 Q3918,,170639,https://www.lssu.edu/
Q12061082,Lakeshore Technical College,tier1,ipeds,Q23002039 Q3918,,239008,http://www.gotoltc.edu
Q3152130,Lamar Institute of Technology,tier1,ipeds,Q23002039 Q3918,,441760,http://www.lit.edu
Q2393647,Lamar University,tier1,ipeds,Q23002039 Q875538,Q623581,226091,http://www.lamar.edu/
Q6483113,Lancaster Bible College,tier1,ipeds,Q23002054 Q3918 Q576603,,213400,https://www.lbc.edu
Q6484421,Lander University,tier1,ipeds,Q23002039 Q3918,,218229,https://lander.edu/
Q3302016,Langston University,tier1,ipeds,Q1620945 Q23002039 Q3914 Q615150 Q875538,,207209,http://www.langston.edu/
Q6487078,Lanier Technical College,tier1,ipeds,Q23002039 Q3918,Q7692256,140243,http://www.laniertech.edu
Q6492933,Lasell University,tier1,ipeds,Q23002054 Q902104,,166391,http://www.lasell.edu/
Q6496201,"Latin American Bible Institute, California",tier1,ipeds,Q4671277 Q576603,,117283,http://www.labi.edu/
Q6500038,Laurel University,tier1,ipeds,Q1743327 Q23002054 Q3918,,198747,http://www.laureluniversity.edu
Q6501945,Laurus Technical Institute,tier1,ipeds,Q23002052 Q3918,,411055,http://www.laurus.edu
Q6504630,Lawrence Technological University,tier1,ipeds,Q23002054 Q3918,,170675,https://www.ltu.edu/
Q1809286,Lawrence University,tier1,ipeds,Q1377182 Q184644 Q20925702 Q23002054 Q3918,,239017,https://www.lawrence.edu/
Q6513309,Lee College,tier1,ipeds,Q23002039 Q3918,,226204,http://www.lee.edu
Q6515384,Lee University,tier1,ipeds,Q1743327 Q23002054 Q3918,,220613,https://www.leeuniversity.edu/
Q6515757,Leech Lake Tribal College,tier1,ipeds,Q23002039 Q615150 Q7840326,,413626,http://www.lltc.edu
Q622137,Lehigh University,tier1,ipeds,Q23002054 Q3918 Q96888669,,213543,https://www2.lehigh.edu/
Q18706109,Lemoore College,tier1,ipeds,Q1336920 Q3918,Q2460112,448594,https://www.westhillscollege.com/lemoore
Q6523054,Lenoir–Rhyne University,tier1,ipeds,Q23002054 Q3918,,198835,https://www.lr.edu/
Q6530549,Lesley University,tier1,ipeds,Q23002054 Q902104,,166452,http://www.lesley.edu
Q6506488,LeTourneau University,tier1,ipeds,Q1743327 Q23002054 Q3918,,226231,http://www.letu.edu
Q6537128,Lewis University,tier1,ipeds,Q23002054 Q3918,,146612,http://www.lewisu.edu
Q6544942,Life Pacific University,tier1,ipeds,Q23002054 Q3918 Q576603,,117104,http://www.lifepacific.edu
Q6545022,Life University,tier1,ipeds,Q23002054 Q3918,,140252,https://www.life.edu/
Q6550534,Lincoln Christian University,tier1,ipeds,Q1743327 Q23002054 Q3918,,146667,http://www.lincolnchristian.edu
Q6550556,Lincoln College,tier1,ipeds,Q23002054 Q3918,,146676,http://lincolncollege.edu
Q1126179,Lincoln University,tier1,ipeds,Q1620945 Q23002039 Q3914 Q3918 Q615150,,177940,https://www.lincolnu.edu/
Q4570781,Lincoln University,tier1,ipeds,Q1620945 Q23002039 Q875538,,213598,https://www.lincoln.edu/
Q6551169,Lincoln University,tier1,ipeds,Q23002054 Q3918,,117557,http://www.lincolnuca.edu
Q5617088,Lindenwood University,tier1,ipeds,Q23002054 Q3918 Q45400320,,177968,http://www.lindenwood.edu
Q1798619,Lipscomb University,tier1,ipeds,Q1743327 Q23002054 Q233324,,219976,http://www.lipscomb.edu
Q6649089,Little Big Horn College,tier1,ipeds,Q23002039 Q615150 Q7840326,,180328,http://www.lbhc.edu/
Q6651407,Little Priest Tribal College,tier1,ipeds,Q23002054 Q3918 Q615150 Q7840326,,434016,http://www.littlepriest.edu
Q6458842,LIU Global,tier1,ipeds,Q23002054 Q3918,,192439,http://liu.edu/brooklyn
Q543394,LIU Post,tier1,ipeds,Q189004 Q23002054 Q3918,Q1783603 Q7720324,192448,http://liu.edu/cwpost
Q1057447,Loma Linda University,tier1,ipeds,Q1743327 Q23002054 Q902104,,117636,http://www.llu.edu/
Q6669598,Lon Morris College,tier1,ipeds,Q3918,,226329,http://www.lonmorris.edu/
Q1783603,Long Island University,tier1,ipeds,Q3918,,192448,http://www.liu.edu
Q3551429,Longwood University,tier1,ipeds,Q23002039 Q3918,,232566,http://www.longwood.edu/
Q6682269,Los Angeles Mission College,tier1,ipeds,Q1336920 Q23002039 Q3918,Q2460112 Q6682044,117867,http://www.lamission.edu
Q17077502,Los Angeles Recording School,tier1,ipeds,Q3918,,397641,http://www.larecordingschool.com/
Q17008973,Louisiana Christian University,tier1,ipeds,Q1743327 Q23002054,,159568,https://lcuniversity.edu/
Q1521725,Louisiana State University,tier1,ipeds,Q15936437 Q23002039 Q615150 Q875538,Q1872233,159391,https://www.lsu.edu/
Q6689310,Louisiana State University at Eunice,tier1,ipeds,Q23002039 Q3918,Q1872233,159407,http://www.lsue.edu
Q13634567,Louisiana State University of Alexandria,tier1,ipeds,Q23002039 Q3918,Q1872233,159382,https://www.lsua.edu/
Q6689312,Louisiana State University Shreveport,tier1,ipeds,Q23002039 Q3918,Q1872233,159416,http://www.lsus.edu/
Q1872239,Louisiana Tech University,tier1,ipeds,Q23002039 Q3918,Q2495858,159647,https://www.latech.edu/
Q6689340,Louisiana Technical College,tier1,ipeds,Q23002039 Q3918,Q6689088,158352,http://www.catc.edu
Q6689452,Louisville Bible College,tier1,ipeds,Q3918 Q576603,,157234,http://www.louisvillebiblecollege.net/
Q1786078,Loyola Marymount University,tier1,ipeds,Q110225820 Q23002054 Q45400320 Q902104,,117946,http://www.lmu.edu
Q1537759,Loyola University Chicago,tier1,ipeds,Q23002054 Q3918,,146719,https://www.luc.edu/
Q172430,Loyola University New Orleans,tier1,ipeds,Q23002054 Q3918,,159656,https://www.loyno.edu/
Q6460011,LSU Health Sciences Center New Orleans,tier1,ipeds,Q23002039 Q3918,Q1872233,159373,http://www.lsuhsc.edu
Q1474157,LSU New Orleans,tier1,ipeds,Q23002039 Q3918,Q1872233 Q2495858,159939,https://lsuneworleans.edu
Q6695115,Lubbock Christian University,tier1,ipeds,Q1743327 Q23002054 Q3918,,226383,http://www.lcu.edu
Q6705628,Luther Rice University,tier1,ipeds,Q23002054 Q3918,,135364,http://www.lru.edu
Q3269570,Lynn University,tier1,ipeds,Q163740 Q23002054 Q3918,,132657,https://www.lynn.edu/
Q104850475,Madera Community College,tier1,ipeds,Q3918,Q2460112,497046,
Q6728390,Madonna University,tier1,ipeds,Q23002054 Q3918,Q30288463,170806,http://www.madonna.edu
Q6733411,Maharishi International University,tier1,ipeds,Q23002054 Q3918 Q811430,,153861,https://www.miu.edu
Q104901588,Maine College of Health Professions,tier1,ipeds,Q3918,,161022,
Q6738871,Make-up Designory,tier1,ipeds,Q322563 Q3918 Q423208,,449366,http://www.mud.edu
Q6744514,Malone University,tier1,ipeds,Q1743327 Q23002054 Q3918,,203775,https://www.malone.edu/
Q6747552,Manchester University,tier1,ipeds,Q23002054 Q3918,,151777,https://www.manchester.edu/
Q14689766,Manhattan Christian College,tier1,ipeds,Q1743327 Q23002054,,155496,http://www.mccks.edu
Q14714528,Maranatha Baptist University,tier1,ipeds,Q189004 Q23002054 Q576603,,239071,http://www.mbu.edu
Q6761106,Maria College,tier1,ipeds,Q23002054 Q3918,,192785,http://www.mariacollege.edu
Q6761994,Marian University,tier1,ipeds,Q23002054 Q3918,,151786,http://www.marian.edu
Q6761997,Marian University,tier1,ipeds,Q23002054 Q3918,,239080,http://www.marianuniversity.edu
Q188370,Marquette University,tier1,ipeds,Q23002054 Q3918,,239105,https://www.marquette.edu/
Q6773136,Mars Hill University,tier1,ipeds,Q15243209 Q1743327 Q23002054,,198899,https://www.mhu.edu/
Q7569707,Marshall B. Ketchum University,tier1,ipeds,Q23002054 Q3918,,123943,http://www.ketchum.edu
Q1379613,Marshall University,tier1,ipeds,Q23002039 Q3918,,237525,http://www.marshall.edu/
Q14712798,Marymount University,tier1,ipeds,Q23002054 Q3918,,232706,https://marymount.edu/
Q6781811,Maryville University,tier1,ipeds,Q23002054 Q3918,,178059,http://www.maryville.edu
Q6781819,Marywood University,tier1,ipeds,Q23002054 Q3918,,213826,http://www.marywood.edu/
Q49108,Massachusetts Institute of Technology,tier1,ipeds,Q1371037 Q21032622 Q23002054 Q3918 Q6040928 Q96888669,,166683,https://mit.edu
Q6797991,Maysville Community and Technical College,tier1,ipeds,Q23002039 Q3918,Q6392203,157331,http://maysville.kctcs.edu
Q14708361,Mayville State University,tier1,ipeds,Q23002039 Q3918,Q3878529,200226,http://www.mayvillestate.edu/default.aspx
Q12061548,McKendree University,tier1,ipeds,Q23002054 Q3918,,147013,https://www.mckendree.edu/
Q6802425,McMurry University,tier1,ipeds,Q23002054 Q3918,,226587,https://mcm.edu/
Q634396,McNeese State University,tier1,ipeds,Q23002039 Q3918,Q2495858,159717,http://www.mcneese.edu
Q6806451,Medical University of South Carolina,tier1,ipeds,Q23002039 Q3918,,218335,https://web.musc.edu/
Q6807303,Medtech,tier1,ipeds,Q23002052 Q3918,,448415,http://www.medtech.edu/schools/indianapolis-indiana
Q1798612,Mercer University,tier1,ipeds,Q23002054 Q3918,,140447,http://www.mercer.edu/
Q16951582,Mercy University,tier1,ipeds,Q23002054 Q3918,,193016,https://www.mercy.edu/
Q6818830,Mercyhurst University,tier1,ipeds,Q23002054 Q3918,,213987,http://www.mercyhurst.edu
Q3307047,Messiah University,tier1,ipeds,Q1743327 Q23002054 Q3914,,213996,https://www.messiah.edu/
Q6823850,Methodist University,tier1,ipeds,Q23002054 Q3918,,198969,https://www.methodist.edu/
Q6825262,Metropolitan State University,tier1,ipeds,Q23002039 Q875538,Q1937364,174020,http://www.metrostate.edu
Q613736,Metropolitan State University of Denver,tier1,ipeds,Q23002039 Q875538,,127565,http://www.msudenver.edu/
Q16964997,Metropolitan University,tier1,ipeds,Q3918,Q4750355,241739,http://www.suagm.edu/umet
Q590643,Miami University,tier1,ipeds,Q23002039 Q62078547,Q2331177,204024,https://miamioh.edu/
Q6827457,Miami University Middletown,tier1,ipeds,Q23002039 Q3918,Q590643,204015,http://www.regionals.miamioh.edu
Q6837583,Michigan Jewish Institute,tier1,ipeds,Q23002054 Q3918,,434414,http://www.mji.edu
Q270222,Michigan State University,tier1,ipeds,Q23002039 Q3918 Q615150 Q62078547,,171100,https://msu.edu/
Q12432,Michigan Technological University,tier1,ipeds,Q23002039 Q3918,,171128,https://www.mtu.edu/
Q6840587,Mid-America Christian University,tier1,ipeds,Q1743327 Q23002054 Q576603,,245953,http://www.macu.edu
Q6840626,Mid-Atlantic Christian University,tier1,ipeds,Q1743327 Q23002054 Q576603,,199458,http://www.macuniversity.edu
Q17010110,Mid-Continent University,tier1,ipeds,Q1743327 Q23002054,,157359,http://www.midcontinent.edu
Q6840815,Mid-State Technical College,tier1,ipeds,Q23002039 Q3918,,239220,http://www.mstc.edu
Q6840874,MidAmerica Nazarene University,tier1,ipeds,Q1743327 Q23002054 Q3918,,155520,https://www.mnu.edu/
Q17006958,Middle Georgia Technical College,tier1,ipeds,Q3918,,140085,http://www.middlegatech.edu
Q6841624,Middle Tennessee School of Anesthesia,tier1,ipeds,Q1743327 Q23002054 Q3918,,220996,http://www.mtsa.edu
Q1357891,Middlebury College,tier1,ipeds,Q23002054 Q902104,,230959,https://www.middlebury.edu/
Q1946114,Middlebury Institute of International Studies at Monterey,tier1,ipeds,Q23002054 Q3918 Q45910038,Q1357891,119058,https://www.middlebury.edu/institute/
Q6842319,Midland College,tier1,ipeds,Q23002039 Q3918,,226806,https://www.midland.edu/
Q6842463,Midland University,tier1,ipeds,Q23002054 Q3918,,181330,https://www.midlandu.edu/
Q6843449,Midwest University,tier1,ipeds,Q3918 Q94670589,,440253,http://www.midwest.edu/kang/eng/index.asp
Q6843458,Midwestern Baptist Theological Seminary,tier1,ipeds,Q1743327 Q23002054 Q3918,,178208,https://www.mbts.edu
Q1932075,Midwestern State University of Texas,tier1,ipeds,Q23002039 Q3918,,226833,https://msutexas.edu
Q6843477,Midwestern University,tier1,ipeds,Q163740 Q23002054 Q3918 Q494230,,143853,https://www.midwestern.edu/
Q6850968,Mildred Elley,tier1,ipeds,Q23002052 Q3918,,193201,http://www.mildred-elley.edu
Q6859396,Millersville University of Pennsylvania,tier1,ipeds,Q23002039 Q3918,Q3304232,214041,http://www.millersville.edu
Q6859616,Milligan University,tier1,ipeds,Q1377182 Q1743327 Q23002054,,486901,https://www.milligan.edu/
Q3893320,Millikin University,tier1,ipeds,Q23002054 Q902104,,147244,http://www.millikin.edu
Q6861698,Milwaukee Career College,tier1,ipeds,Q23002052 Q3918,,449861,http://www.mkecc.edu
Q1538982,Milwaukee School of Engineering,tier1,ipeds,Q1663017 Q23002054 Q902104,,239318,https://www.msoe.edu/
Q6864512,Minerva University,tier1,ipeds,Q3918,,484844,https://www.minerva.edu/
Q6868461,Minnesota State Community and Technical College,tier1,ipeds,Q23002039 Q3918,,173559,http://www.minnesota.edu
Q6868559,Minnesota State University Moorhead,tier1,ipeds,Q23002039 Q3918,,174358,https://www.mnstate.edu/
Q1937387,"Minnesota State University, Mankato",tier1,ipeds,Q23002039 Q875538,Q1937364,173920,https://www.mnsu.edu/
Q5017530,Minot State University,tier1,ipeds,Q23002039 Q3918,,200253,https://www.minotstateu.edu/
Q6875342,Misericordia University,tier1,ipeds,Q23002054 Q3918,,214069,https://www.misericordia.edu/
Q6879096,Mississippi Christian University,tier1,ipeds,Q1743327 Q23002054 Q3918,,176053,https://www.mc.edu/
Q1939211,Mississippi State University,tier1,ipeds,Q15936437 Q17343829 Q23002039 Q45400320 Q615150 Q875538,,176080,http://www.msstate.edu
Q3468084,Mississippi University for Women,tier1,ipeds,Q23002039 Q3918,,176035,https://www.muw.edu/
Q3316928,Mississippi Valley State University,tier1,ipeds,Q1620945 Q23002039 Q3918,,176044,https://www.mvsu.edu/
Q6879494,Missouri Baptist University,tier1,ipeds,Q1743327 Q23002054 Q3918 Q7569662,,178244,http://www.mobap.edu
Q6879708,Missouri Southern State University,tier1,ipeds,Q23002039 Q3918,,178341,http://www.mssu.edu
Q1249251,Missouri State University,tier1,ipeds,Q23002039 Q3918,,179566,https://www.missouristate.edu
Q4380853,Missouri University of Science and Technology,tier1,ipeds,Q23002039 Q875538,Q2713662,178411,https://www.mst.edu/
Q1939221,Missouri Western State University,tier1,ipeds,Q23002039 Q3918,,178387,https://missouriwestern.edu
Q18636195,Mitchell Technical College,tier1,ipeds,Q3918,,219189,https://www.mitchelltech.edu
Q6896481,Molloy University,tier1,ipeds,Q15936437 Q1743327 Q189004 Q23002054 Q2385804 Q3914 Q557206 Q902104,Q3153226 Q62537557,193292,https://www.molloy.edu/
Q922647,Monmouth University,tier1,ipeds,Q23002054 Q902104,,185572,http://www.monmouth.edu
Q8051985,Montana Christian College,tier1,ipeds,Q1743327 Q189004,,180717,https://montanacc.edu/
Q1861687,Montana State University,tier1,ipeds,Q23002039 Q615150 Q875538,Q1435583,180461,https://www.montana.edu/
Q6904332,Montana State University Billings,tier1,ipeds,Q23002039 Q3918,Q1435583,180179,https://www.msubillings.edu
Q6904331,Montana State University–Northern,tier1,ipeds,Q23002039 Q875538,Q1435583,180522,https://www.msun.edu/
Q6904341,Montana Technological University,tier1,ipeds,Q23002039 Q3918,Q2495887,180416,https://www.mtech.edu/
Q5018694,Montclair State University,tier1,ipeds,Q15936437 Q23002039 Q875538,,185590,https://www.montclair.edu/
Q6906389,Montreat College,tier1,ipeds,Q1743327 Q23002054,,199032,https://www.montreat.edu
Q2257594,Moody Bible Institute,tier1,ipeds,Q23002054 Q38723 Q576603 Q94670589,,147369,http://www.moody.edu
Q633040,Morehead State University,tier1,ipeds,Q23002039 Q875538,,157386,http://www.moreheadstate.edu
Q1054905,Morgan State University,tier1,ipeds,Q1620945 Q23002039 Q3918,,163453,https://www.morgan.edu/
Q6914683,Morthland College,tier1,ipeds,Q1743327 Q3918,,483984,http://www.morthland.edu/mc/
Q2820640,Mount Angel Abbey,tier1,ipeds,Q14911880 Q160742,,209241,https://www.mountangelabbey.org/
Q6922044,Mount Mary University,tier1,ipeds,Q23002054 Q3918,,239390,http://www.mtmary.edu/
Q6922161,Mount Mercy University,tier1,ipeds,Q23002054 Q3918 Q45400320,,154013,http://www.mtmercy.edu
Q6923804,Mount St. Mary's University,tier1,ipeds,Q23002054 Q902104,,163462,https://msmary.edu/
Q6924393,Mount Vernon Nazarene University,tier1,ipeds,Q1743327 Q23002054 Q3918,,204194,https://www.mvnu.edu/
Q6925233,Mountain State University,tier1,ipeds,Q3918,,237154,http://www.mountainstate.edu/
Q6935185,Multnomah University,tier1,ipeds,Q23002054 Q233324 Q576603,,209287,http://www.multnomah.edu
Q574586,Murray State University,tier1,ipeds,Q23002039 Q3918,,157401,http://www.murraystate.edu
Q6942807,Muskingum University,tier1,ipeds,Q23002054 Q3918,,204264,https://www.muskingum.edu/
Q2975783,Naropa University,tier1,ipeds,Q23002054 Q3918,,127653,http://www.naropa.edu
Q6970347,National American University,tier1,ipeds,Q23002052 Q2385804 Q3918,,219204,http://www.national.edu/
Q6974219,National Louis University,tier1,ipeds,Q23002054 Q3918,,147536,http://www.nl.edu
Q6974729,National Paralegal College,tier1,ipeds,Q3918,,461023,http://nationalparalegal.edu/
Q1568237,National University,tier1,ipeds,Q23002054 Q3918,,119605,https://www.nu.edu
Q6979247,National University of Health Sciences,tier1,ipeds,Q23002054 Q3918,,147590,https://www.nuhs.edu/
Q17012153,Navajo Technical University,tier1,ipeds,Q23002039 Q3918 Q615150 Q7840326,,187596,http://www.navajotech.edu
Q1515048,Naval Postgraduate School,tier1,ipeds,Q137222271 Q1522839 Q209465 Q23002039 Q45400320,Q124160883 Q742787,119678,https://www.nps.edu
Q6983269,Nazarene Bible College,tier1,ipeds,Q189004 Q23002054 Q576603,,127714,http://www.nbc.edu
Q6983313,Nazareth University,tier1,ipeds,Q23002054 Q3918,,193584,http://www.naz.edu
Q6984681,Nebraska Christian College,tier1,ipeds,Q1743327 Q23002054,,181376,http://nechristian.edu
Q6984746,Nebraska Indian Community College,tier1,ipeds,Q100731037 Q1336920 Q23002039 Q615150 Q7840326,,181419,http://www.thenicc.edu
Q6984798,Nebraska Wesleyan University,tier1,ipeds,Q23002054 Q3918,,181446,http://www.nebrwesleyan.edu/
Q6132876,Nelson University,tier1,ipeds,Q23002054 Q3918,,228325,http://www.sagu.edu
Q7001944,Neumann University,tier1,ipeds,Q23002054 Q3918,,214272,https://www.neumann.edu/
Q7007199,New England College of Business and Finance,tier1,ipeds,Q23002052 Q3918,,164438,http://www.necb.edu/
Q7008785,New Hope Christian College,tier1,ipeds,Q189004 Q23002054 Q576603,,208725,https://www.newhope.edu/
Q11991254,New Jersey City University,tier1,ipeds,Q23002039 Q3918,,185129,http://www.njcu.edu
Q3272013,New Jersey Institute of Technology,tier1,ipeds,Q1371037 Q23002039 Q62078547,,185828,https://www.njit.edu/
Q7010189,New Mexico Highlands University,tier1,ipeds,Q23002039 Q3918,,187897,https://www.nmhu.edu/
Q1052208,New Mexico Institute of Mining and Technology,tier1,ipeds,Q209465 Q23002039 Q38723 Q3918 Q819311,,187967,http://www.nmt.edu
Q1353248,New Mexico State University,tier1,ipeds,Q23002039 Q45400320 Q615150 Q875538,,188030,https://www.nmsu.edu/
Q7010288,New Mexico State University Alamogordo,tier1,ipeds,Q23002039 Q3918,,187994,http://nmsua.edu
Q7010292,New Mexico State University Carlsbad,tier1,ipeds,Q23002039 Q3918,Q1353248,188003,http://carlsbad.nmsu.edu
Q11283766,New Orleans Baptist Theological Seminary,tier1,ipeds,Q1743327 Q23002054 Q233324 Q3918,,159948,http://www.nobts.edu
Q7011241,New River Community and Technical College,tier1,ipeds,Q23002039 Q3918,,447582,http://www.newriver.edu
Q7011390,New Saint Andrews College,tier1,ipeds,Q1743327 Q189004 Q23002054,,440396,http://nsa.edu
Q1709596,New York Institute of Technology,tier1,ipeds,Q23002054 Q3918,,194091,https://www.nyit.edu
Q49210,New York University,tier1,ipeds,Q15936437 Q23002054 Q902104,,193900,https://nyu.edu
Q75478,New York University Tandon School of Engineering,tier1,ipeds,Q180958 Q23002054 Q3918 Q43229,Q49210,194541,http://engineering.nyu.edu
Q7018497,Newman University,tier1,ipeds,Q23002054 Q3918,,155335,http://www.newmanu.edu
Q3551657,Niagara University,tier1,ipeds,Q23002054 Q3918,,193973,http://www.niagara.edu
Q11884307,Nicholls State University,tier1,ipeds,Q23002039 Q3918,Q2495858,159966,http://www.nicholls.edu
Q17038565,Nicolet Area Technical College,tier1,ipeds,Q23002039 Q3918,,239442,http://www.nicoletcollege.edu
Q632506,Norfolk State University,tier1,ipeds,Q1620945 Q23002039 Q3918,,232937,https://nsu.edu
Q7053745,North American University,tier1,ipeds,Q3918,,461795,http://www.na.edu/
Q1476484,North Carolina Agricultural and Technical State University,tier1,ipeds,Q1620945 Q23002039 Q615150 Q875538,Q1191202,199102,https://ncat.edu
Q1518804,North Carolina Central University,tier1,ipeds,Q1620945 Q23002039 Q3918,Q1191202,199157,https://www.nccu.edu
Q1132346,North Carolina State University,tier1,ipeds,Q23002039 Q45400320 Q615150 Q62078547,Q1191202,199193,https://ncsu.edu
Q7054751,North Central Missouri College,tier1,ipeds,Q23002039 Q3918,,179715,http://www.ncmissouri.edu
Q7054767,North Central University,tier1,ipeds,Q1743327 Q23002054 Q3918,,174437,https://www.northcentral.edu/
Q7055057,North Dakota State College of Science,tier1,ipeds,Q23002039 Q3918,Q3878529,200305,https://www.ndscs.edu
Q2000624,North Dakota State University,tier1,ipeds,Q15936437 Q23002039 Q615150 Q875538,Q3878529,200332,https://www.ndsu.edu/
Q7055482,North Georgia College & State University,tier1,ipeds,Q3918,Q7895970,140669,
Q7055505,North Greenville University,tier1,ipeds,Q1743327 Q23002054 Q3918,,218441,https://www.ngu.edu/
Q3551466,North Park University,tier1,ipeds,Q1743327 Q23002054,,147679,https://www.northpark.edu/
Q7057736,Northcentral University,tier1,ipeds,Q23002052 Q23002054 Q3918,,444130,http://www.ncu.edu
Q7057949,Northeast Ohio Medical University,tier1,ipeds,Q23002039 Q3918,Q2331177,204477,http://www.neomed.edu/
Q7057999,Northeast Wisconsin Technical College,tier1,ipeds,Q23002039 Q3918,,239488,http://www.nwtc.edu
Q2000943,Northeastern Illinois University,tier1,ipeds,Q23002039 Q3918,,147776,http://www.neiu.edu/
Q3124195,Northeastern State University,tier1,ipeds,Q23002039 Q3918,,207263,http://www.nsuok.edu
Q37548,Northeastern University,tier1,ipeds,Q23002054 Q3918,,167358,https://www.northeastern.edu/
Q139901,Northern Arizona University,tier1,ipeds,Q23002039 Q45400320 Q62078547,Q4791254,105330,http://nau.edu/
Q1191344,Northern Illinois University,tier1,ipeds,Q23002039 Q3918 Q627006,,147703,https://www.niu.edu/
Q2001033,Northern Kentucky University,tier1,ipeds,Q23002039 Q875538,,157447,http://www.nku.edu
Q11400830,Northern Marianas College,tier1,ipeds,Q1336920 Q615150,,240790,http://www.marianas.edu/
Q624970,Northern Michigan University,tier1,ipeds,Q23002039 Q875538,,171456,http://www.nmu.edu
Q2001088,Northern State University,tier1,ipeds,Q23002039 Q875538,,219259,https://northern.edu/
Q7059512,Northland Community & Technical College,tier1,ipeds,Q23002039 Q2385804 Q3918,Q1937364,174473,http://www.northlandcollege.edu/
Q15402042,Northland International University,tier1,ipeds,Q23002054 Q3918,,239503,http://www.ni.edu
Q14715789,Northpoint Bible College,tier1,ipeds,Q23002054 Q576603,,217606,http://www.northpoint.edu
Q12041073,Northwest Indian College,tier1,ipeds,Q189004 Q23002039 Q3914 Q615150 Q7840326,,380377,http://www.nwic.edu
Q7060123,Northwest Missouri State University,tier1,ipeds,Q23002039 Q3918,,178624,https://www.nwmissouri.edu/
Q7060132,Northwest Nazarene University,tier1,ipeds,Q1743327 Q23002054 Q3918,,142461,https://nnu.edu/
Q7060212,Northwest Technical College,tier1,ipeds,Q23002039 Q3918,Q1937364,173115,http://www.ntcmn.edu
Q7060260,Northwest University,tier1,ipeds,Q1743327 Q23002054 Q3918,,236133,https://www.northwestu.edu/
Q2288251,Northwestern College,tier1,ipeds,Q1743327 Q23002054 Q3914,,154101,http://www.nwciowa.edu/
Q7060311,Northwestern Health Sciences University,tier1,ipeds,Q23002054 Q3918,,174507,http://www.nwhealth.edu/
Q7060359,Northwestern Oklahoma State University,tier1,ipeds,Q23002039 Q3918,,207306,https://www.nwosu.edu/
Q2001231,Northwestern State University,tier1,ipeds,Q23002039 Q3918,Q2495858,160038,http://www.nsula.edu/
Q309350,Northwestern University,tier1,ipeds,Q23002054 Q31855 Q902104,,147767,
Q7060498,Northwood University,tier1,ipeds,Q902104,,171492,https://www.northwood.edu/
Q1681928,Norwich University,tier1,ipeds,Q130382439 Q23002054,,230995,https://www.norwich.edu/
Q7063485,Notre Dame de Namur University,tier1,ipeds,Q23002054 Q3918,,120184,http://www.ndnu.edu
Q7063504,Notre Dame of Maryland University,tier1,ipeds,Q23002054 Q3918,,163578,https://ndm.edu
Q7063476,Notre Dame Seminary,tier1,ipeds,Q14911880 Q20820271 Q23002054,,160029,http://www.nds.edu
Q1798499,Nova Southeastern University,tier1,ipeds,Q23002054 Q3918 Q45400320,,136215,https://www.nova.edu/index.html
Q5470816,Nueta Hidatsa Sahnish College,tier1,ipeds,Q1336920 Q23002039 Q615150 Q7840326,,200086,http://www.fortbertholdcc.edu
Q7073984,Oakland City University,tier1,ipeds,Q23002054 Q3918,,152099,http://www.oak.edu
Q782116,Oakland University,tier1,ipeds,Q23002039 Q3918,,171571,http://www.oakland.edu
Q1056848,Oakwood University,tier1,ipeds,Q1620945 Q1743327 Q23002054 Q3918,,101912,http://www.oakwood.edu
Q616591,Oberlin College,tier1,ipeds,Q1377182 Q189004 Q23002054 Q3914 Q902104,,204501,https://www.oberlin.edu/
Q1346110,Occidental College,tier1,ipeds,Q23002054 Q43229 Q902104,,120254,http://www.oxy.edu
Q7076613,Oconee Fall Line Technical College,tier1,ipeds,Q3918,Q7692256,420431,http://www.oftc.edu/
Q7080082,Oglala Lakota College,tier1,ipeds,Q23002039 Q615150 Q7840326,,219277,http://www.olc.edu
Q4400868,Oglethorpe University,tier1,ipeds,Q23002054 Q3918,,140696,https://oglethorpe.edu/
Q7080767,Ohio Christian University,tier1,ipeds,Q1743327 Q23002054 Q3918,,201964,http://www.ohiochristian.edu
Q7080808,Ohio Dominican University,tier1,ipeds,Q23002054 Q3918,,204617,https://www.ohiodominican.edu/
Q1683585,Ohio Northern University,tier1,ipeds,Q23002054 Q3918,Q329646,204635,http://www.onu.edu/
Q309331,Ohio State University,tier1,ipeds,Q23002039 Q615150 Q62078547,Q2331177,204796,https://osu.edu
Q7080960,"Ohio State University, Lima Campus",tier1,ipeds,Q23002039 Q3918,Q309331,204671,https://lima.osu.edu/
Q18749126,Ohio Technical College,tier1,ipeds,Q3918,,204608,
Q1075339,Ohio University,tier1,ipeds,Q23002039 Q875538,Q2331177,204857,https://www.ohio.edu/
Q16975104,Ohio University Eastern Campus,tier1,ipeds,Q23002039 Q3918,Q1075339,204802,https://www.ohio.edu/eastern
Q7081021,Ohio Valley University,tier1,ipeds,Q23002054 Q3918,,237640,http://www.ovu.edu
Q367774,Oklahoma Baptist University,tier1,ipeds,Q1743327 Q23002054 Q3918,,207403,https://www.okbu.edu/
Q7082127,Oklahoma Christian University,tier1,ipeds,Q1743327 Q23002054 Q3918,,207324,https://www.oc.edu/
Q3443498,Oklahoma City University,tier1,ipeds,Q209465 Q23002054 Q3918,,207458,http://www.okcu.edu/
Q7082284,Oklahoma Panhandle State University,tier1,ipeds,Q23002039 Q3918,,207351,http://www.opsu.edu
Q749718,Oklahoma State University,tier1,ipeds,Q23002039 Q615150 Q62078547 Q7638697,Q2017355,207388,https://go.okstate.edu
Q7082388,Oklahoma State University–Oklahoma City,tier1,ipeds,Q23002039 Q3918,Q2017355,207397,http://www.osuokc.edu
Q3369346,Oklahoma Wesleyan University,tier1,ipeds,Q23002054 Q3918,,206835,http://www.okwu.edu
Q1474100,Old Dominion University,tier1,ipeds,Q21032617 Q23002039 Q3918,,232982,https://www.odu.edu/
Q7088000,Olivet Nazarene University,tier1,ipeds,Q1743327 Q23002054 Q3918,,147828,http://www.olivet.edu
Q3121493,Oral Roberts University,tier1,ipeds,Q1743327 Q23002054 Q3918,,207582,https://oru.edu/
Q7101141,Oregon College of Oriental Medicine,tier1,ipeds,Q23002054 Q3918,,369659,http://www.ocom.edu
Q282097,Oregon Health and Science University,tier1,ipeds,Q23002039 Q875538,,209490,https://www.ohsu.edu
Q427553,Oregon Institute of Technology,tier1,ipeds,Q1371037 Q23002039,,209506,http://www.oit.edu
Q861888,Oregon State University,tier1,ipeds,Q15936437 Q21032617 Q21032622 Q23002039 Q615150 Q62078547 Q7638697 Q875538,,209542,https://oregonstate.edu/
Q7101371,Oregon State University Cascades,tier1,ipeds,Q209465 Q23002039 Q232846 Q4819632 Q875538,Q861888,440828,http://www.osucascades.edu
Q7109265,Ottawa University,tier1,ipeds,Q23002054 Q2385804 Q3918,,155627,https://www.ottawa.edu/
Q7109428,Otterbein University,tier1,ipeds,Q23002054 Q3918,,204936,https://www.otterbein.edu/
Q7110141,Ouachita Baptist University,tier1,ipeds,Q1743327 Q23002054 Q3918,,107512,https://obu.edu/
Q7111021,Our Lady of the Lake University,tier1,ipeds,Q23002054 Q3918 Q41176,,227331,https://www.ollusa.edu/
Q7114753,Owensboro Community and Technical College,tier1,ipeds,Q23002039 Q3918,Q6392203,247940,http://www.owensboro.kctcs.edu
Q7116478,Ozark Christian College,tier1,ipeds,Q23002054 Q576603,,178679,http://www.occ.edu
Q556098,Pace University,tier1,ipeds,Q23002054 Q3918,,194310,http://www.pace.edu
Q15264996,Pacific Bible College,tier1,ipeds,Q4671277 Q576603,,407610,http://www.pacificbible.com/
Q7122532,Pacific Islands University,tier1,ipeds,Q233324 Q576603,,439862,http://www.piu.edu
Q17013367,Pacific Lutheran Theological Seminary,tier1,ipeds,Q23002054 Q3918,,120740,http://www.plts.edu
Q3439925,Pacific Lutheran University,tier1,ipeds,Q23002054 Q902104,,236230,https://www.plu.edu/
Q7122600,Pacific Oaks College,tier1,ipeds,Q23002054 Q3918,,120768,http://www.pacificoaks.edu
Q3360203,Pacific Union College,tier1,ipeds,Q1143635 Q1743327 Q23002054,,120865,http://www.puc.edu
Q5929270,Pacific University,tier1,ipeds,Q23002054 Q3918,,209612,http://www.pacificu.edu
Q7127976,Palm Beach Atlantic University,tier1,ipeds,Q1743327 Q23002054 Q3918,,136330,https://www.pba.edu/
Q2587890,Palo Alto University,tier1,ipeds,Q23002054 Q3918,,120698,http://www.paloaltou.edu
Q7131449,Panola College,tier1,ipeds,Q1336920 Q13393265 Q23002039 Q3918,,227386,http://www.panola.edu
Q4568903,Park University,tier1,ipeds,Q23002054 Q3918,,178721,https://www.park.edu/
Q7138388,Parker University,tier1,ipeds,Q23002054 Q3918,,243823,http://www.parker.edu
Q7148347,Patten University,tier1,ipeds,Q3918,,121071,https://www.patten.edu/
Q3898136,Paul Quinn College,tier1,ipeds,Q1620945 Q23002054 Q3914 Q3918,,227429,http://www.pqc.edu
Q7163226,Penn State Altoona,tier1,ipeds,Q209465 Q23002039 Q875538,Q739627,214689,https://altoona.psu.edu/
Q739627,Pennsylvania State University,tier1,ipeds,Q62078547,,214777,
Q5021159,PennWest California,tier1,ipeds,Q23002039 Q3918,Q3304232,211361,https://www.pennwest.edu/
Q5127034,PennWest Clarion,tier1,ipeds,Q23002039 Q3918,Q3304232,211644,http://www.clarion.edu
Q5338120,PennWest Edinboro,tier1,ipeds,Q23002039 Q3918,Q3304232,212160,https://www.pennwest.edu/campuses/edinboro/index.php
Q7164705,Pensacola State College,tier1,ipeds,Q23002039 Q3918,,136473,http://www.pensacolastate.edu
Q117876,Pepperdine University,tier1,ipeds,Q23002054 Q45400320 Q498162 Q902104,,121150,https://www.pepperdine.edu/
Q1796553,Pfeiffer University,tier1,ipeds,Q23002054 Q3918,,199306,http://www.pfeiffer.edu
Q7191497,Piedmont Baptist College,tier1,ipeds,Q23002054 Q233324 Q576603,,199315,http://www.piedmontu.edu
Q2097334,Pittsburg State University,tier1,ipeds,Q23002039 Q875538,,155681,http://www.pittstate.edu
Q7199301,Pittsburgh Institute of Aeronautics,tier1,ipeds,Q23002054 Q3918,,215381,http://www.pia.edu
Q7199302,Pittsburgh Institute of Mortuary Science,tier1,ipeds,Q23002054 Q3918,,215390,https://pims.edu
Q7199403,Pittsburgh Technical College,tier1,ipeds,Q1371037 Q23002052,,215415,https://ptcollege.edu/
Q7203590,Plaza College,tier1,ipeds,Q23002052 Q3918,,194499,http://www.plazacollege.edu
Q7205857,Plymouth State University,tier1,ipeds,Q23002039 Q3918,Q7894951,183080,https://www.plymouth.edu/
Q7208069,Point Loma Nazarene University,tier1,ipeds,Q1743327 Q23002054 Q3918,,121309,https://www.pointloma.edu/
Q7208107,Point Park University,tier1,ipeds,Q23002054 Q3918,,215442,https://www.pointpark.edu/
Q1798894,Polytechnic University of Puerto Rico,tier1,ipeds,Q1663017 Q3918,,243577,http://www.pupr.edu/
Q1342151,Pontifical Catholic University of Puerto Rico,tier1,ipeds,Q3918,,241410,http://www.pucpr.edu
Q1280192,Pontifical College Josephinum,tier1,ipeds,Q14911880 Q23002054,,205027,http://www.pcj.edu
Q4926268,Pope St. John XXIII National Seminary,tier1,ipeds,Q14911880 Q23002054,,167464,http://www.psjs.edu
Q1771717,Portland State University,tier1,ipeds,Q23002039 Q3918 Q45400320,,209807,https://www.pdx.edu/
Q4374296,Post University,tier1,ipeds,Q23002052 Q3918,,130183,https://post.edu/
Q3306469,Prairie View A&M University,tier1,ipeds,Q1620945 Q23002039 Q3918 Q615150,Q1781044,227526,http://www.pvamu.edu
Q1204714,Pratt Institute,tier1,ipeds,Q23002054 Q902104,,194578,https://pratt.edu
Q7241530,Presidio Graduate School,tier1,ipeds,Q1143635 Q902104,,486433,http://www.presidio.edu/
Q21578,Princeton University,tier1,ipeds,Q1188663 Q15936437 Q23002054 Q902104 Q96888669,Q7848211,186131,https://princeton.edu
Q7248033,Professional Skills Institute,tier1,ipeds,Q23002052 Q902104,,205054,http://www.proskills.edu
Q1439629,Providence College,tier1,ipeds,Q23002054 Q3918,,217402,http://www.providence.edu
Q217741,Purdue University,tier1,ipeds,Q23002039 Q615150 Q62078547,Q929715,243780,https://purdue.edu
Q20709782,Purdue University Northwest,tier1,ipeds,Q23002039 Q3918,Q929715,490805,http://www.pnw.edu
Q1468607,Q1468607,tier1,ipeds,Q1743327 Q23002054 Q3918 Q94670589,,232557,https://www.liberty.edu/
Q1784748,Q1784748,tier1,ipeds,Q875538,,220978,https://www.mtsu.edu/
Q219563,Q219563,tier1,ipeds,Q875538,,236948,https://washington.edu
Q6841434,Q6841434,tier1,ipeds,Q875538,Q2495809,482158,https://www.mga.edu/
Q1760438,Queens College,tier1,ipeds,Q23002039 Q3918,Q762266,190664,https://www.qc.cuny.edu/
Q7270829,Queens University of Charlotte,tier1,ipeds,Q23002054 Q3918,,199412,https://www.queens.edu
Q7272195,Quincy University,tier1,ipeds,Q23002054 Q3918,,148131,https://www.quincy.edu/
Q1030044,Quinnipiac University,tier1,ipeds,Q23002054 Q3918,,130226,https://www.qu.edu/
Q632465,Radford University,tier1,ipeds,Q23002039 Q3918,,233277,http://www.radford.edu
Q14708443,Randall University,tier1,ipeds,Q189004 Q23002054 Q576603,,207157,http://www.ru.edu/
Q7304449,Red Lake Nation College,tier1,ipeds,Q3918,,491844,http://www.redlakenationcollege.org/
Q7306738,Reedley College,tier1,ipeds,Q1336920 Q23002039 Q3918,Q2460112,117052,http://www.reedleycollege.edu
Q502352,Regent University,tier1,ipeds,Q1321960 Q1743327 Q23002054 Q3918,,231651,https://regent.edu
Q649299,Regis University,tier1,ipeds,Q23002054 Q3918 Q45400320,,127918,https://www.regis.edu/
Q7310359,Reinhardt University,tier1,ipeds,Q23002054 Q3918 Q94670589,,140872,http://www.reinhardt.edu
Q49211,Rensselaer Polytechnic Institute,tier1,ipeds,Q23002054 Q902104,,194824,http://www.rpi.edu
Q49208,Rhode Island School of Design,tier1,ipeds,Q15090615 Q21540699 Q23002054 Q2668072 Q902104,,217493,https://www.risd.edu/
Q842909,Rice University,tier1,ipeds,Q15936437 Q23002054 Q902104,,227757,https://rice.edu
Q3551664,Rider University,tier1,ipeds,Q23002054 Q902104,,186283,http://www.rider.edu
Q7338849,Rivier University,tier1,ipeds,Q23002054 Q3918,,183211,https://www.rivier.edu/
Q7347821,Robert Morris University,tier1,ipeds,Q23002054 Q3918,,215655,https://www.rmu.edu/
Q7352053,Roberts Wesleyan University,tier1,ipeds,Q1743327 Q23002054,,194958,https://www.roberts.edu/
Q2140778,Rochester Institute of Technology,tier1,ipeds,Q1371037 Q15936437 Q1663017 Q21032622 Q23002054 Q45400320 Q902104,,195003,https://www.rit.edu/
Q5594651,Rockhurst University,tier1,ipeds,Q23002054 Q3918,,179043,https://www.rockhurst.edu/
Q7355942,Rocky Mountain University of Health Professions,tier1,ipeds,Q3918,,475495,https://rmuohp.edu
Q3940116,Roger Williams University,tier1,ipeds,Q23002054 Q3918,,217518,http://www.rwu.edu
Q13582663,Rogers State University,tier1,ipeds,Q23002039 Q3918,,207661,http://www.rsu.edu/
Q2164222,Rollins College,tier1,ipeds,Q23002054 Q3918,,136950,http://www.rollins.edu
Q2124886,Roosevelt University,tier1,ipeds,Q23002054 Q3918,,148487,https://www.roosevelt.edu/
Q7367225,Rosalind Franklin University of Medicine and Science,tier1,ipeds,Q23002054 Q3918,,145558,https://www.rosalindfranklin.edu/
Q7368161,Rosedale Bible College,tier1,ipeds,Q23002054 Q576603,Q5163052,439899,https://rosedale.edu/
Q7368264,Roseman University of Health Sciences,tier1,ipeds,Q23002054 Q3918,,445735,http://www.roseman.edu
Q2166712,Rose–Hulman Institute of Technology,tier1,ipeds,Q1663017 Q23002054 Q3918,,152318,https://rose-hulman.edu
Q4999226,Rowan College at Burlington County,tier1,ipeds,Q23002039 Q3918,,183877,https://rcbc.edu/
Q1799872,Rowan University,tier1,ipeds,Q23002039 Q875538,,184782,https://www.rowan.edu/
Q750639,Rush University,tier1,ipeds,Q23002054 Q3918,,148511,http://www.rushu.rush.edu
Q7382823,Rutgers University–Camden,tier1,ipeds,Q209465 Q23002039 Q3918,,186371,http://www.rutgers.edu
Q7382826,Rutgers University–New Brunswick,tier1,ipeds,Q209465 Q23002039 Q615150,Q499451,186380,http://www.rutgers.edu/
Q7382780,Rutgers University–Newark,tier1,ipeds,Q209465 Q23002039 Q3918,Q499451,186399,https://www.newark.rutgers.edu/
Q7397231,Sacred Heart Major Seminary,tier1,ipeds,Q14911880 Q23002054,,172033,http://www.shms.edu
Q7397267,Sacred Heart School of Theology,tier1,ipeds,Q14911880 Q23002054,,239637,http://www.shsst.edu
Q1276963,Sacred Heart University,tier1,ipeds,Q23002054 Q3918 Q867738,,130253,http://www.sacredheart.edu
Q7399281,Saginaw Valley State University,tier1,ipeds,Q23002039 Q3918,,172051,https://www.svsu.edu/
Q7400981,Saint Anthony College of Nursing,tier1,ipeds,Q23002054 Q3918,,149028,http://sacn.edu
Q7401271,Saint Francis University,tier1,ipeds,Q23002054 Q3918,,215743,http://francis.edu/
Q7401445,Saint John's Seminary,tier1,ipeds,Q14911880 Q23002054,,167677,http://www.sjs.edu
Q7401567,Saint Joseph Seminary College,tier1,ipeds,Q14911880 Q23002054,,160409,http://saintjosephabbey.com/
Q7401511,Saint Joseph's College,tier1,ipeds,Q23002054 Q902104,,152363,http://www.saintjoe.edu
Q7401528,Saint Joseph's Seminary,tier1,ipeds,Q14911880,,195571,http://www.dunwoodie.edu/
Q1475413,Saint Joseph's University,tier1,ipeds,Q23002054 Q3918,,215770,http://www.sju.edu
Q892503,Saint Leo University,tier1,ipeds,Q23002054 Q3918,,137032,https://www.saintleo.edu/
Q7401662,Saint Louis Christian College,tier1,ipeds,Q1743327 Q23002054 Q576603,,179256,http://www.stlchristian.edu
Q734774,Saint Louis University,tier1,ipeds,Q23002054 Q3918 Q41176,,179159,https://www.slu.edu/
Q7401787,Saint Martin's University,tier1,ipeds,Q23002054 Q3918,,236452,https://www.stmartin.edu/
Q7401824,Saint Mary's College,tier1,ipeds,Q189004 Q23002054 Q3660535 Q3914 Q3918 Q4671277 Q6540832,,152390,https://www.saintmarys.edu/
Q2212976,Saint Mary's University of Minnesota,tier1,ipeds,Q23002054 Q3918,,174817,https://www.smumn.edu/
Q7401893,Saint Meinrad Seminary and School of Theology,tier1,ipeds,Q14911880 Q23002054,,152451,http://www.saintmeinrad.edu
Q3443737,Saint Peter's University,tier1,ipeds,Q23002054 Q3918,,186432,http://www.saintpeters.edu
Q7402283,Saint Vincent Seminary,tier1,ipeds,Q14911880 Q23002054 Q2385804,,215813,http://www.saintvincentseminary.edu
Q402829,Saint Vladimir's Orthodox Theological Seminary,tier1,ipeds,Q23002054 Q233324 Q3918,,195580,https://www.svots.edu/
Q3945126,Saint Xavier University,tier1,ipeds,Q23002054 Q3918,,148627,http://www.sxu.edu
Q3695750,Salem State University,tier1,ipeds,Q23002039 Q3918,,167729,https://www.salemstate.edu/
Q7404130,Salem University,tier1,ipeds,Q23002052 Q3918,,237783,https://www.salemu.edu/
Q7404818,Salisbury University,tier1,ipeds,Q23002039 Q3918,Q1480532,163851,https://www.salisbury.edu/
Q7404844,Salish Kootenai College,tier1,ipeds,Q23002054 Q3914 Q615150 Q7840326,Q5457900,180647,http://www.skc.edu
Q7406311,Salus University,tier1,ipeds,Q23002054 Q3918,,214564,http://www.salus.edu
Q1695578,Salve Regina University,tier1,ipeds,Q23002054 Q3918,,217536,https://salveregina.bkstr.com/
Q1422594,Sam Houston State University,tier1,ipeds,Q23002039 Q3918,Q623581,227881,https://www.shsu.edu/
Q6381586,Samford University,tier1,ipeds,Q1743327 Q23002054 Q3918,,102049,http://samford.edu/
Q7412178,Samuel Merritt University,tier1,ipeds,Q23002054 Q3918,,122296,http://www.samuelmerritt.edu
Q7413609,San Diego Christian College,tier1,ipeds,Q1743327 Q189004 Q23002054,,112084,http://www.sdcc.edu
Q913861,San Diego State University,tier1,ipeds,Q23002039 Q62078547,Q815352,122409,https://www.sdsu.edu/
Q586735,San Francisco Art Institute,tier1,ipeds,Q23002054 Q383092 Q902104,,122454,https://sfai.edu/
Q498451,San Francisco Bay University,tier1,ipeds,Q1663017 Q23002054 Q3918,,120166,http://www.npu.edu
Q1256981,San Francisco State University,tier1,ipeds,Q23002039 Q3918,Q815352,122597,https://www.sfsu.edu/
Q498526,San Jose State University,tier1,ipeds,Q1003207 Q10387922 Q23002039,Q815352,122755,https://www.sjsu.edu/
Q7417669,Sanford–Brown College – Dallas,tier1,ipeds,Q23002052 Q3918,,404514,http://www.sanfordbrown.edu/dallas
Q7417681,Sanford–Brown Institute – Tampa,tier1,ipeds,Q23002052 Q3918,,379029,http://www.sbi-tampa.com
Q992830,Santa Clara University,tier1,ipeds,Q23002054 Q3918,,122931,http://www.scu.edu
Q1020699,Savannah College of Art and Design,tier1,ipeds,Q163740 Q23002054 Q383092 Q902104,,140951,https://www.scad.edu/
Q3474474,Savannah State University,tier1,ipeds,Q1620945 Q23002039 Q3914 Q3918,,140960,https://www.savannahstate.edu/
Q7427891,Savannah Technical College,tier1,ipeds,Q23002039 Q3918,Q7692256,140942,http://www.savannahtech.edu
Q7429134,Saybrook University,tier1,ipeds,Q23002054 Q3918,,123095,http://www.saybrook.edu
Q327361,Schiller International University,tier1,ipeds,Q23002052 Q3918,,404338,https://www.schiller.edu/
Q7432544,School of Plastic Arts of Puerto Rico,tier1,ipeds,Q3918,,241951,http://www.eap.edu
Q1279835,School of Visual Arts,tier1,ipeds,Q23002052 Q383092 Q3918,,197151,http://www.sva.edu
Q7432878,Schreiner University,tier1,ipeds,Q23002054 Q3918,,228042,http://www.schreiner.edu
Q2904851,Seattle Pacific University,tier1,ipeds,Q1743327 Q23002054 Q902104,,236577,https://spu.edu/
Q615873,Seattle University,tier1,ipeds,Q23002054 Q557206,,236595,https://seattleu.edu
Q7448737,Selma University,tier1,ipeds,Q1620945 Q23002054 Q3914 Q3918,,102058,http://selmauniversity.edu
Q13428361,Seminary of the Immaculate Conception,tier1,ipeds,Q14911880,,195429,http://www.icseminary.edu/
Q585828,Seton Hall University,tier1,ipeds,Q23002054 Q557206,,186584,http://www.shu.edu
Q1949773,Seton Hill University,tier1,ipeds,Q23002054 Q3918,,215947,https://www.setonhill.edu/
Q7458159,Sewanee: The University of the South,tier1,ipeds,Q23002054 Q233324 Q3918,,221519,https://new.sewanee.edu/
Q7490591,Shasta Bible College and Graduate School,tier1,ipeds,Q23002054 Q576603,,123280,http://www.shasta.edu
Q7490593,Shasta College,tier1,ipeds,Q1336920 Q23002039 Q3918,Q1026912 Q1888661 Q2460112 Q427553,123299,http://www.shastacollege.edu
Q3443493,Shaw University,tier1,ipeds,Q1620945 Q23002054 Q3914 Q3918,,199643,https://www.shawu.edu/
Q1799245,Shenandoah University,tier1,ipeds,Q23002054 Q3918,,233541,https://www.su.edu/
Q7494490,Shepherd University,tier1,ipeds,Q23002039 Q3918,,237792,https://www.shepherd.edu/
Q4247132,Shimer College,tier1,ipeds,Q1743327 Q189004 Q23002054,,148849,http://www.shimer.edu
Q7498066,Shippensburg University of Pennsylvania,tier1,ipeds,Q23002039 Q3918,Q3304232,216010,https://www.ship.edu/
Q7502154,Shorter University,tier1,ipeds,Q1743327 Q23002054 Q3918,,140988,https://www.shorter.edu/
Q7511074,Siena Heights University,tier1,ipeds,Q23002054 Q3918,,172264,http://www.sienaheights.edu
Q6156824,Silicon Valley University,tier1,ipeds,Q3918,,444848,http://www.svuca.edu/
Q7521155,Simpson University,tier1,ipeds,Q1743327 Q23002054,,123457,https://www.simpsonu.edu
Q7525103,Sinte Gleska University,tier1,ipeds,Q23002054 Q615150 Q7840326,,219374,http://www.sintegleska.edu
Q17034947,Sisseton Wahpeton College,tier1,ipeds,Q23002039 Q615150 Q7840326,,219408,http://www.swc.tc
Q7532066,Sitting Bull College,tier1,ipeds,Q23002039 Q3918 Q615150 Q7840326,,200466,https://www.sittingbull.edu/
Q1799642,Slippery Rock University,tier1,ipeds,Q23002039 Q3918,Q3304232,216038,http://www.sru.edu
Q49204,Smith College,tier1,ipeds,Q23002054 Q3660535 Q3918,Q1886223,167835,https://www.smith.edu/
Q7559831,Somerset Christian College,tier1,ipeds,Q23002054 Q3914 Q576603 Q94670589,,440794,http://www.pillar.edu
Q624571,Sonoma State University,tier1,ipeds,Q23002039 Q3918 Q498162,Q815352,123572,http://www.sonoma.edu
Q17062157,Sonoran University of Health Sciences,tier1,ipeds,Q23002054 Q3918,,420246,https://www.sonoran.edu/
Q7566644,South Carolina State University,tier1,ipeds,Q1620945 Q23002039 Q615150 Q875538,,218733,http://www.scsu.edu
Q7566851,South Coast College,tier1,ipeds,Q23002052 Q3918,,123642,http://southcoastcollege.edu
Q7566983,South Dakota School of Mines and Technology,tier1,ipeds,Q1663017 Q23002039 Q62078547,,219347,https://www.sdsmt.edu/index.html
Q2302260,South Dakota State University,tier1,ipeds,Q23002039 Q615150 Q62078547 Q7638697,,219356,https://sdstate.edu
Q30263417,South Florida Bible College & Theological Seminary,tier1,ipeds,Q2385804 Q576603,,366003,http://sfbc.edu/
Q7567348,South Georgia Technical College,tier1,ipeds,Q23002039 Q3918,Q7692256,141006,https://www.southgatech.edu/
Q7568637,South Texas College,tier1,ipeds,Q23002039 Q3918,,409315,http://www.southtexascollege.edu
Q7568720,South University,tier1,ipeds,Q189004 Q23002052 Q3918,,139579,https://www.southuniversity.edu/
Q7569355,Southeast Kentucky Community and Technical College,tier1,ipeds,Q23002039 Q3918,Q6392203,157739,http://www.southeast.kctcs.edu
Q635118,Southeast Missouri State University,tier1,ipeds,Q23002039 Q875538,,179557,https://library.semo.edu/
Q7569416,Southeastern Baptist College,tier1,ipeds,Q23002054 Q576603,,176336,http://www.southeasternbaptist.edu
Q7569414,Southeastern Baptist Theological Seminary,tier1,ipeds,Q1743327 Q233324,,199759,https://www.sebts.edu/
Q7569418,Southeastern Bible College,tier1,ipeds,Q23002054 Q576603,,102261,http://www.sebc.edu
Q615998,Southeastern Louisiana University,tier1,ipeds,Q23002039 Q3918,Q2495858,160612,http://www.southeastern.edu
Q866829,Southeastern Oklahoma State University,tier1,ipeds,Q23002039 Q3918,,207847,http://www.se.edu
Q7569503,Southeastern Technical College,tier1,ipeds,Q23002039 Q3918,,368911,http://www.southeasterntech.edu
Q7569505,Southeastern University,tier1,ipeds,Q1743327 Q23002054 Q3918,,137564,https://seu.edu/
Q7569568,Southern Adventist University,tier1,ipeds,Q1743327 Q23002054 Q3918,,221661,https://southern.edu
Q1724577,Southern Arkansas University,tier1,ipeds,Q23002039 Q3918,,107983,https://web.saumag.edu/
Q7569667,Southern Baptist Theological Seminary,tier1,ipeds,Q1743327 Q23002054 Q233324,,157748,https://www.sbts.edu/
Q1786506,Southern California Institute of Architecture,tier1,ipeds,Q10273077 Q23002054 Q3918,,123952,http://www.sciarc.edu
Q56118082,Southern California Institute of Technology,tier1,ipeds,Q3918,,399869,https://www.scitech.edu/
Q7569745,Southern California University of Health Sciences,tier1,ipeds,Q23002054 Q3918,,117672,http://www.scuhs.edu
Q1253123,Southern Connecticut State University,tier1,ipeds,Q23002039 Q3918,Q1126210 Q30283149,130493,http://www.southernct.edu
Q1472347,Southern Illinois University Carbondale,tier1,ipeds,Q23002039 Q875538,Q1472474,149222,https://siu.edu/
Q519349,Southern Illinois University Edwardsville,tier1,ipeds,Q23002039 Q45400320 Q875538,Q1472474,149231,https://www.siue.edu/
Q1536258,Southern Methodist University,tier1,ipeds,Q23002054 Q902104,,228246,https://www.smu.edu/
Q7570171,Southern Nazarene University,tier1,ipeds,Q1743327 Q23002054 Q3918,,206862,https://www.snu.edu/
Q3445256,Southern New Hampshire University,tier1,ipeds,Q23002054 Q3918,,183026,http://www.snhu.edu
Q1888661,Southern Oregon University,tier1,ipeds,Q23002039 Q3918,,210146,http://www.sou.edu
Q3445053,Southern Polytechnic State University,tier1,ipeds,Q23002039 Q3918,Q2495809,141097,http://www.spsu.edu/
Q7571284,Southern Regional Technical College,tier1,ipeds,Q23002039 Q3918,Q7692256,487162,http://www.southwestgatech.edu/
Q17041613,"Southern Regional Technical College, Moultrie",tier1,ipeds,Q23002039 Q3918,Q7692256,140599,http://www.moultrietech.edu
Q7570510,Southern States University,tier1,ipeds,Q3918,,490063,http://www.ssu.edu
Q627271,Southern University,tier1,ipeds,Q1620945 Q23002039 Q3914 Q615150 Q875538,Q7570575,160621,http://www.subr.edu/
Q12002144,Southern University at New Orleans,tier1,ipeds,Q1620945 Q23002039 Q3918,Q7570575,160630,http://www.suno.edu
Q7570578,Southern University at Shreveport,tier1,ipeds,Q1620945 Q23002039 Q3918,Q7570575,160649,http://www.susla.edu
Q632573,Southern Utah University,tier1,ipeds,Q23002039 Q3918,Q7902486,230603,http://www.suu.edu/
Q7570614,Southern Virginia University,tier1,ipeds,Q23002054 Q3918,,233611,http://www.svu.edu
Q5220742,Southern Wesleyan University,tier1,ipeds,Q1743327 Q23002054 Q3918,,217776,https://www.swu.edu/
Q7571224,Southwest Baptist University,tier1,ipeds,Q1743327 Q23002054 Q3918,,179326,https://www.sbuniv.edu/
Q7571324,Southwest Minnesota State University,tier1,ipeds,Q23002039 Q875538,Q1937364,175078,https://www.smsu.edu/
Q7565333,SouthWest Skill Center,tier1,ipeds,Q23002039 Q3918,,440721,http://www.estrellamountain.edu/southwest-skill-center
Q1056856,Southwestern Adventist University,tier1,ipeds,Q1743327 Q23002054,,228468,http://www.swau.edu/
Q7571391,Southwestern Baptist Theological Seminary,tier1,ipeds,Q1743327 Q233324,,494603,http://www.swbts.edu
Q7571399,Southwestern Christian College,tier1,ipeds,Q1620945 Q23002054 Q3918,,228486,http://www.swcc.edu
Q7571400,Southwestern Christian University,tier1,ipeds,Q1743327 Q23002054,,207856,http://www.swcu.edu
Q7571422,Southwestern Indian Polytechnic Institute,tier1,ipeds,Q23002039 Q615150 Q7840326 Q875538,,188216,http://www.sipi.edu/
Q1811567,Southwestern Oklahoma State University,tier1,ipeds,Q23002039 Q3918,,207865,https://www.swosu.edu/
Q7572993,Spalding University,tier1,ipeds,Q23002054 Q3918,,157757,https://spalding.edu/
Q7575070,Specs Howard School of Media Arts,tier1,ipeds,Q23002052 Q3918,,172325,http://www.specshoward.edu
Q7580375,Spring Arbor University,tier1,ipeds,Q1743327 Q23002054 Q902104,,172334,http://www.arbor.edu
Q1669453,St. Ambrose University,tier1,ipeds,Q23002054 Q233324 Q3918 Q41176,,154235,http://www.sau.edu
Q7587180,St. Augustine College,tier1,ipeds,Q23002054 Q3918,,148876,http://www.staugustine.edu
Q7587290,St. Bernard's School of Theology and Ministry,tier1,ipeds,Q14911880 Q23002054,,195155,http://www.stbernards.edu
Q93662,St. Bonaventure University,tier1,ipeds,Q23002054 Q3918,,195164,http://www.sbu.edu
Q7587404,St. Catharine College,tier1,ipeds,Q23002054 Q3918,,157632,http://www.sccky.edu
Q3444427,St. Catherine University,tier1,ipeds,Q23002054 Q902104,,175005,https://www.stkate.edu/
Q7587500,St. Charles Borromeo Seminary,tier1,ipeds,Q14911880 Q23002054,,216047,http://www.scs.edu
Q1136874,St. Cloud State University,tier1,ipeds,Q23002039 Q3918,Q1937364,174783,https://www.stcloudstate.edu/
Q3495253,St. Edward's University,tier1,ipeds,Q23002054 Q3918,,227845,https://www.stedwards.edu
Q7588902,St. John Fisher University,tier1,ipeds,Q23002054 Q3918,,195720,https://www.sjf.edu/
Q7588924,St. John Vianney College Seminary,tier1,ipeds,Q14911880 Q23002054,,137272,https://www.sjvcs.edu
Q7588840,St. John's Seminary,tier1,ipeds,Q14911880 Q23002054,,123855,http://www.stjohnsem.edu
Q1138374,St. John's University,tier1,ipeds,Q23002054 Q3918 Q96888669,,195809,http://www.stjohns.edu
Q4257876,St. Johns River State College,tier1,ipeds,Q23002039 Q3918,,137281,http://www.sjrstate.edu
Q1411093,St. Lawrence University,tier1,ipeds,Q23002054 Q6540832 Q902104,,195216,https://www.stlawu.edu/
Q7590435,St. Mary's Seminary and University,tier1,ipeds,Q14911880,,163842,http://www.stmarys.edu/
Q7590446,St. Mary's University,tier1,ipeds,Q1138671 Q23002054 Q5341295 Q902104,,228149,https://www.stmarytx.edu/
Q7591912,St. Thomas Aquinas College,tier1,ipeds,Q23002054 Q3918,,195243,https://www.stac.edu/
Q2323376,St. Thomas University,tier1,ipeds,Q23002054 Q3918 Q45400320,,137476,http://www.stu.edu
Q7592117,St. Vincent de Paul Regional Seminary,tier1,ipeds,Q14911880 Q23002054,,136701,https://www.svdp.edu/
Q41506,Stanford University,tier1,ipeds,Q15936437 Q23002054 Q45400320 Q902104,,243744,https://stanford.edu
Q1780816,State University of New York at Albany,tier1,ipeds,Q23002039 Q875538,Q1140241,196060,https://www.albany.edu
Q7603617,State University of New York at Brockport,tier1,ipeds,Q23002039 Q3918,Q1140241,196121,https://www.brockport.edu/
Q7603620,State University of New York at Canton,tier1,ipeds,Q23002039 Q3918,Q1140241,196015,https://www.canton.edu/
Q7603621,State University of New York at Cobleskill,tier1,ipeds,Q23002039 Q3918,Q1140241,196033,http://www.cobleskill.edu/
Q7603623,State University of New York at Cortland,tier1,ipeds,Q23002039 Q3918,Q1140241,196149,http://www2.cortland.edu
Q7603622,State University of New York at Delhi,tier1,ipeds,Q23002039 Q3918,Q1140241,196024,http://www.delhi.edu
Q6487738,State University of New York at Fredonia,tier1,ipeds,Q23002039 Q3918,Q1140241,196158,https://www.fredonia.edu
Q6149540,State University of New York at Geneseo,tier1,ipeds,Q23002039 Q3918,Q1140241,196167,https://www.geneseo.edu/
Q6914146,State University of New York at Morrisville,tier1,ipeds,Q189004 Q23002039 Q3918 Q875538,Q1140241,196051,https://www.morrisville.edu/
Q7603625,State University of New York at New Paltz,tier1,ipeds,Q23002039 Q3918,Q1140241,196176,https://www.newpaltz.edu/
Q7603624,State University of New York at Old Westbury,tier1,ipeds,Q23002039 Q3918,Q1140241,196237,http://www.oldwestbury.edu
Q4146980,State University of New York at Oneonta,tier1,ipeds,Q1377182 Q23002039 Q3918,Q1140241,196185,https://suny.oneonta.edu
Q7603627,State University of New York at Oswego,tier1,ipeds,Q23002039 Q3918,Q1140241,196194,https://ww1.oswego.edu/
Q7603626,State University of New York at Plattsburgh,tier1,ipeds,Q209465 Q23002039 Q3918,Q1140241,196246,https://www.plattsburgh.edu/
Q7603628,State University of New York at Potsdam,tier1,ipeds,Q23002039 Q875538,Q1140241,196200,https://www.potsdam.edu/
Q4359408,State University of New York at Purchase,tier1,ipeds,Q23002039 Q3918,Q1140241,196219,http://www.purchase.edu
Q2344683,Stephen F. Austin State University,tier1,ipeds,Q23002039 Q3918,Q2140391,228431,http://www.sfasu.edu
Q7611389,Sterling College,tier1,ipeds,Q1743327 Q23002054,,155937,https://www.sterling.edu/
Q2341039,Stetson University,tier1,ipeds,Q23002054 Q3918,,137546,http://www.stetson.edu
Q657222,Stevens Institute of Technology,tier1,ipeds,Q23002054 Q3918,,186867,https://www.stevens.edu/
Q7615536,Stevenson University,tier1,ipeds,Q23002054 Q3918,,164173,https://www.stevenson.edu/
Q7329259,Stockton University,tier1,ipeds,Q23002039 Q3918,,186876,http://www.stockton.edu
Q7618891,Stone Child College,tier1,ipeds,Q23002039 Q3914 Q615150 Q7840326,,366340,http://www.stonechild.edu
Q969850,Stony Brook University,tier1,ipeds,Q15936437 Q23002039 Q875538,Q1140241,196097,https://www.stonybrook.edu/
Q1056123,Suffolk University,tier1,ipeds,Q23002054 Q902104,,168005,http://www.suffolk.edu
Q7635933,Sul Ross State University,tier1,ipeds,Q23002039 Q3918,Q623581,228501,https://www.sulross.edu/
Q7637784,Summit Christian College,tier1,ipeds,Q23002054 Q576603,,181543,http://www.summitcc.net
Q18155496,SUNY Polytechnic Institute,tier1,ipeds,Q1371037 Q23002039,Q1140241,196112,https://sunypoly.edu/
Q7649352,Susquehanna University,tier1,ipeds,Q23002054 Q3918,,216278,https://www.susqu.edu/
Q617433,Syracuse University,tier1,ipeds,Q15936437 Q23002054 Q902104,,196413,https://www.syracuse.edu
Q7673530,Tabor College,tier1,ipeds,Q1743327 Q189004 Q23002054,,155973,http://www.tabor.edu
Q3551554,Tarleton State University,tier1,ipeds,Q23002039 Q3918,Q1781044,228529,https://www.tarleton.edu
Q7690168,Taylor University,tier1,ipeds,Q1743327 Q23002054 Q3918,,152530,https://www.taylor.edu/
Q7669834,TDDS Technical Institute,tier1,ipeds,Q23002052 Q3918,,249566,http://www.tdds.edu
Q1420239,Temple University,tier1,ipeds,Q23002039 Q2668072 Q3918,,216339,https://www.temple.edu/
Q1782948,Tennessee State University,tier1,ipeds,Q1620945 Q23002039 Q3914 Q615150 Q875538,,221838,http://www.tnstate.edu
Q7700206,Tennessee Technological University,tier1,ipeds,Q23002039 Q875538,,221847,http://www.tntech.edu
Q17059629,TESST College of Technology,tier1,ipeds,Q23002052 Q3918,,163736,http://www.tesst.com/baltimore-md/
Q2901308,Texas A&M Health Science Center,tier1,ipeds,Q3918 Q4287745,Q1781044 Q49212,223214,http://www.tamhsc.edu/
Q7707466,Texas A&M International University,tier1,ipeds,Q23002039 Q3918,Q1781044,226152,http://www.tamiu.edu/
Q49212,Texas A&M University,tier1,ipeds,Q23002039 Q3445354 Q615150 Q62078547,Q1781044,228723,https://www.tamu.edu
Q7707476,Texas A&M University–Central Texas,tier1,ipeds,Q875538,Q1781044,483036,http://www.tamuct.edu/
Q634651,Texas A&M University–Corpus Christi,tier1,ipeds,Q23002039 Q3918,Q1781044,224147,http://www.tamucc.edu
Q7707478,Texas A&M University–Kingsville,tier1,ipeds,Q23002039 Q3918,Q1781044,228705,https://www.tamuk.edu/
Q7707479,Texas A&M University–San Antonio,tier1,ipeds,Q3918,Q1781044,459949,https://tamusa.edu
Q7895510,Texas A&M University–Victoria,tier1,ipeds,Q23002039 Q3918,Q1781044 Q569446,225502,https://tamuv.edu
Q2302280,Texas Christian University,tier1,ipeds,Q1743327 Q23002054 Q867738 Q902104,,228875,https://www.tcu.edu/
Q3301911,Texas Lutheran University,tier1,ipeds,Q23002054 Q3918,,228981,https://www.tlu.edu/
Q626591,Texas Southern University,tier1,ipeds,Q1620945 Q23002039 Q3914 Q3918,,229063,http://www.tsu.edu
Q1495387,Texas State University,tier1,ipeds,Q23002039 Q5772674 Q875538,Q623581,228459,https://www.txst.edu/
Q1423756,Texas Tech University,tier1,ipeds,Q23002039 Q62078547,Q2407664,229115,https://www.ttu.edu/
Q4119816,Texas Tech University Health Sciences Center,tier1,ipeds,Q23002039 Q3918 Q494230,Q2407664,229337,http://www.ttuhsc.edu
Q7708149,Texas Tech University Health Sciences Center El Paso,tier1,ipeds,Q3918,,492689,https://www.ttuhscep.edu/
Q7708205,Texas Wesleyan University,tier1,ipeds,Q23002054 Q3918,,229160,https://www.txwes.edu
Q3468361,Texas Woman's University,tier1,ipeds,Q23002039 Q3918,,229179,https://twu.edu/
Q179036,The Catholic University of America,tier1,ipeds,Q557206,,131283,https://www.catholic.edu/
Q7722398,The Chicago School of Professional Psychology,tier1,ipeds,Q2385804 Q3918,,143978,http://www.thechicagoschool.edu/
Q1806300,The Citadel,tier1,ipeds,Q3445354,,217864,http://www.citadel.edu/
Q7726772,The College of New Jersey,tier1,ipeds,Q23002039 Q875538,,187134,https://tcnj.edu/
Q7727993,The Creative Circus,tier1,ipeds,Q23002052 Q3918,,141015,http://www.creativecircus.edu
Q7742178,The Institute for Clinical Social Work,tier1,ipeds,Q23002054 Q3918,,145886,http://www.icsw.edu
Q3851554,The Master's University,tier1,ipeds,Q1743327 Q23002054 Q233324,,117751,https://www.masters.edu/
Q599316,The New School,tier1,ipeds,Q15936437 Q23002054 Q2385804 Q45400320 Q902104,,193654,https://newschool.edu/
Q270272,The Rockefeller University,tier1,ipeds,Q121267210 Q23002054 Q902104,,195049,https://rockefeller.edu
Q1525831,The University of Texas MD Anderson Cancer Center,tier1,ipeds,Q16917 Q23002039 Q3918,Q2140391,416801,https://www.mdanderson.org/
Q2471216,Thomas Jefferson University,tier1,ipeds,Q23002054 Q3918,,216366,https://www.jefferson.edu/
Q7792539,Thomas More University,tier1,ipeds,Q23002054 Q3918 Q6540832,,157809,https://www.thomasmore.edu/
Q7794632,Thomas University,tier1,ipeds,Q23002054 Q3918,,141167,http://www.thomasu.edu
Q13311081,Tiffin University,tier1,ipeds,Q23002054 Q902104,,206048,http://www.tiffin.edu
Q7811969,Toccoa Falls College,tier1,ipeds,Q1743327 Q189004 Q23002054,,141185,http://www.tfc.edu
Q7813304,Tohono O'odham Community College,tier1,ipeds,Q1336920 Q23002039 Q615150 Q7840326,,442781,http://www.tocc.cc.az.us/
Q7814145,Toledo Academy of Beauty,tier1,ipeds,Q3918,,375559,http://www.toledoacademyofbeauty.com/
Q904943,Touro University,tier1,ipeds,Q23002042 Q23002054 Q3918,Q48739865,196592,http://www.touro.edu
Q96410509,Touro University Worldwide,tier1,ipeds,Q3918,,459727,
Q1474129,Towson University,tier1,ipeds,Q23002039 Q3918,Q1480532,164076,https://www.towson.edu/
Q7830888,Toyota Technological Institute at Chicago,tier1,ipeds,Q1371037,,445054,http://www.ttic.edu
Q956056,Transylvania University,tier1,ipeds,Q23002054 Q902104,,157818,https://www.transy.edu/
Q7838935,Trevecca Nazarene University,tier1,ipeds,Q1743327 Q23002054,,221892,http://www.trevecca.edu
Q7841394,Trident University International,tier1,ipeds,Q23002052 Q3918,,450979,http://www.trident.edu/
Q7842344,Trine University,tier1,ipeds,Q23002054 Q3918,,152567,https://www.trine.edu/
Q7842639,Trinity Christian College,tier1,ipeds,Q1743327 Q23002054,,149505,http://www.trnty.edu
Q7842694,Trinity College,tier1,ipeds,Q189004 Q23002054 Q576603,,137962,http://trinitycollege.edu
Q7842863,Trinity International University,tier1,ipeds,Q1743327 Q23002054,,149514,http://www.tiu.edu
Q1311379,Trinity University,tier1,ipeds,Q1377182 Q23002054 Q3918,,229267,https://www.trinity.edu/
Q3539296,Trinity Washington University,tier1,ipeds,Q23002054 Q3918,,131876,http://www.trinitydc.edu
Q1817686,Troy University,tier1,ipeds,Q23002039 Q3918,,102368,http://www.troy.edu
Q7847734,Truman State University,tier1,ipeds,Q23002039 Q3918,,178615,http://www.truman.edu
Q49120,Tufts University,tier1,ipeds,Q23002054 Q3918,,168148,https://tufts.edu
Q1193547,Tulane University,tier1,ipeds,Q209465 Q23002054 Q3918,,160755,https://tulane.edu
Q7856434,Turtle Mountain Community College,tier1,ipeds,Q1336920 Q23002054 Q615150 Q7840326,,200527,http://www.tm.edu
Q1682329,Tuskegee University,tier1,ipeds,Q1620945 Q17343829 Q23002054 Q3914 Q3918 Q615150,,102377,https://www.tuskegee.edu/
Q1567748,Union College,tier1,ipeds,Q23002054 Q902104,,196866,https://www.union.edu/
Q7885570,Union College,tier1,ipeds,Q1743327 Q23002054,,181738,http://www.ucollege.edu
Q7885779,Union Institute & University,tier1,ipeds,Q23002054 Q3918,,206279,https://myunion.edu
Q7886376,Union University,tier1,ipeds,Q1743327 Q23002054 Q3918,,221971,https://www.uu.edu/
Q1331280,United States Air Force Academy,tier1,ipeds,Q19828505 Q4698330,Q11223,128328,https://www.usafa.af.mil/
Q650935,United States Coast Guard Academy,tier1,ipeds,Q1935049 Q23002039 Q30716008 Q917182,Q11224,130624,https://www.uscga.edu/
Q1806541,United States Merchant Marine Academy,tier1,ipeds,Q1898357 Q209465 Q23002039,,197027,https://www.usmma.edu/
Q9219,United States Military Academy,tier1,ipeds,Q127701543 Q23002039 Q2772772 Q917182,Q1328562,197036,https://www.westpoint.edu
Q559549,United States Naval Academy,tier1,ipeds,Q1898357 Q23002039 Q498162 Q62832,Q124160883,164155,https://www.usna.edu/homepage.php
Q7893617,United Tribes Technical College,tier1,ipeds,Q23002054 Q615150 Q7840326,,200554,http://www.uttc.edu
Q7894340,Universidad del Este,tier1,ipeds,Q3918,Q4750355,243346,http://www.suagm.edu
Q7894348,Universidad del Sagrado Corazón,tier1,ipeds,Q3918,,243443,http://www.sagrado.edu
Q681025,University at Buffalo,tier1,ipeds,Q23002039 Q45400320 Q498162 Q62078547,Q1140241,196088,https://www.buffalo.edu/
Q16959503,University of Advancing Technology,tier1,ipeds,Q23002052 Q3918,,363934,http://www.uat.edu
Q1346135,University of Akron,tier1,ipeds,Q23002039 Q62078547,Q2331177,200800,http://www.uakron.edu
Q492318,University of Alabama,tier1,ipeds,Q23002039 Q875538,Q1593069,100751,https://www.ua.edu/
Q1472663,University of Alabama at Birmingham,tier1,ipeds,Q23002039 Q62078547,Q1593069,100663,http://www.uab.edu
Q1783148,University of Alabama in Huntsville,tier1,ipeds,Q23002039 Q3918,Q1593069,100706,http://www.uah.edu
Q1285252,University of Alaska Anchorage,tier1,ipeds,Q23002039 Q875538,Q2002043,102553,https://www.uaa.alaska.edu/
Q1285262,University of Alaska Fairbanks,tier1,ipeds,Q23002039 Q615150 Q875538,Q2002043,102614,https://www.uaf.edu/
Q94279,University of Alaska Southeast,tier1,ipeds,Q23002039 Q3918,Q2002043,102632,https://uas.alaska.edu/
Q18706097,University of Antelope Valley,tier1,ipeds,Q3918,,442930,https://uav.edu/
Q503419,University of Arizona,tier1,ipeds,Q23002039 Q45400320 Q615150 Q875538,Q4791254,104179,https://www.arizona.edu
Q4805015,University of Arizona Global Campus,tier1,ipeds,Q23002052 Q3918,Q4966553,154022,http://www.ashford.edu/
Q1070333,University of Arkansas,tier1,ipeds,Q23002039 Q615150 Q62078547,Q2495814,106397,https://www.uark.edu/
Q500154,University of Arkansas at Little Rock,tier1,ipeds,Q23002039 Q62078547,Q2495814,106245,https://ualr.edu/
Q1571390,University of Arkansas at Monticello,tier1,ipeds,Q23002039 Q3918,Q2495814,106485,http://www.uamont.edu
Q2495825,University of Arkansas at Pine Bluff,tier1,ipeds,Q1620945 Q23002039 Q3918 Q615150,Q2495814,106412,http://www.uapb.edu
Q941298,University of Arkansas for Medical Sciences,tier1,ipeds,Q1916585 Q23002039,Q2495814,106263,https://uams.edu/
Q5596645,University of Arkansas Grantham,tier1,ipeds,Q23002037 Q3918,,442569,http://www.uagrantham.edu/
Q2495828,University of Arkansas-Fort Smith,tier1,ipeds,Q23002039 Q3918,Q2495814,108092,https://uafs.edu/
Q7895109,University of Baltimore,tier1,ipeds,Q23002039 Q875538,Q1480532,161873,http://www.ubalt.edu
Q1055874,University of Bridgeport,tier1,ipeds,Q23002054 Q3918,,128744,https://www.bridgeport.edu/
Q3577853,"University of California College of the Law, San Francisco",tier1,ipeds,Q1321960 Q23002039 Q3918 Q96888669,Q184478,110398,https://uclawsf.edu/
Q168756,"University of California, Berkeley",tier1,ipeds,Q11422631 Q23002039 Q615150 Q62078547,Q184478,110635,https://berkeley.edu
Q129421,"University of California, Davis",tier1,ipeds,Q23002039 Q3918 Q45400320 Q498162 Q615150,Q184478,110644,https://ucdavis.edu
Q868421,"University of California, Irvine",tier1,ipeds,Q23002039 Q62078547,Q184478,110653,https://uci.edu
Q174710,"University of California, Los Angeles",tier1,ipeds,Q23002039 Q62078547,Q184478,110662,https://ucla.edu
Q1728622,"University of California, Merced",tier1,ipeds,Q23002039 Q23334891 Q3918 Q498162,Q184478,445188,https://www.ucmerced.edu/
Q1075148,"University of California, Riverside",tier1,ipeds,Q23002039 Q615150 Q62078547,Q184478,110671,https://ucr.edu
Q622664,"University of California, San Diego",tier1,ipeds,Q23002039 Q875538,Q184478,110680,https://ucsd.edu
Q1061104,"University of California, San Francisco",tier1,ipeds,Q23002039 Q875538,Q184478,110699,https://ucsf.edu
Q263064,"University of California, Santa Barbara",tier1,ipeds,Q19844914 Q23002039 Q875538,Q184478,110705,https://ucsb.edu
Q1047293,"University of California, Santa Cruz",tier1,ipeds,Q209465 Q3918,Q184478,110714,https://ucsc.edu
Q1782724,University of Central Arkansas,tier1,ipeds,Q23002039 Q3918,,106704,http://www.uca.edu
Q143451,University of Central Florida,tier1,ipeds,Q23002039 Q875538 Q96888669,Q3382998,132903,http://www.ucf.edu
Q7895252,University of Central Missouri,tier1,ipeds,Q23002039 Q3918,,176965,https://www.ucmo.edu/
Q3275637,University of Central Oklahoma,tier1,ipeds,Q23002039 Q3918,,206941,https://www.uco.edu/
Q117251,University of Charleston,tier1,ipeds,Q23002054 Q902104,,237312,http://www.ucwv.edu
Q131252,University of Chicago,tier1,ipeds,Q15936437 Q23002054 Q902104,,144050,https://uchicago.edu/
Q153265,University of Cincinnati,tier1,ipeds,Q23002039 Q62078547,Q2331177,201885,https://www.uc.edu/
Q736674,University of Colorado Boulder,tier1,ipeds,Q15936437 Q23002039 Q875538,Q1206658,126614,https://www.colorado.edu/
Q2495841,University of Colorado Colorado Springs,tier1,ipeds,Q23002039 Q3918,Q1206658,126580,http://www.uccs.edu
Q1468161,University of Colorado Denver,tier1,ipeds,Q23002039 Q875538,Q1206658,126562,http://www.ucdenver.edu/
Q49206,University of Connecticut,tier1,ipeds,Q21032617 Q21032622 Q23002039 Q615150 Q62078547,,129020,https://uconn.edu/
Q3551578,University of Dallas,tier1,ipeds,Q23002054 Q557206 Q902104,,224323,https://udallas.edu/
Q2092392,University of Dayton,tier1,ipeds,Q23002054 Q3918,,202480,http://www.udayton.edu
Q1068072,University of Delaware,tier1,ipeds,Q23002039 Q615150 Q875538,,130943,https://www.udel.edu/
Q519427,University of Denver,tier1,ipeds,Q15936437 Q23002054 Q902104,,127060,https://www.du.edu
Q1320232,University of Detroit Mercy,tier1,ipeds,Q1138671 Q23002054 Q3918,,169716,https://www.udmercy.edu/
Q4026988,University of Evansville,tier1,ipeds,Q23002054,,150534,http://www.evansville.edu/
Q7895390,University of Findlay,tier1,ipeds,Q23002054 Q902104,,202763,https://www.findlay.edu/
Q501758,University of Florida,tier1,ipeds,Q23002039 Q45400320 Q615150 Q62078547,Q3382998,134130,https://www.ufl.edu/
Q30263435,University of Fort Lauderdale,tier1,ipeds,Q2385804 Q3918,,457402,http://www.uftl.edu/
Q761534,University of Georgia,tier1,ipeds,Q3918,Q2495809,139959,https://uga.edu
Q1248737,University of Guam,tier1,ipeds,Q3918 Q615150,,240754,https://www.uog.edu/
Q747053,University of Hartford,tier1,ipeds,Q23002054 Q3918,,129525,https://www.hartford.edu/
Q2150914,University of Hawaiʻi at Hilo,tier1,ipeds,Q23002039 Q3918,Q217439,141565,https://hilo.hawaii.edu/
Q2000129,University of Hawaiʻi at Mānoa,tier1,ipeds,Q23002039 Q615150 Q875538,Q217439,141574,https://manoa.hawaii.edu/
Q1171185,University of Hawaiʻi–West Oʻahu,tier1,ipeds,Q23002039 Q3918,Q217439,141981,https://westoahu.hawaii.edu/
Q1472358,University of Houston,tier1,ipeds,Q23002039 Q875538,Q569446,225511,https://www.uh.edu/
Q7895505,University of Houston–Clear Lake,tier1,ipeds,Q23002039 Q3918,Q569446,225414,https://www.uhcl.edu/
Q7895509,University of Houston–Downtown,tier1,ipeds,Q23002039 Q3918,Q569446,225432,http://www.uhd.edu
Q1854488,University of Idaho,tier1,ipeds,Q15936437 Q21032622 Q23002039 Q615150 Q875538,,142285,https://www.uidaho.edu/
Q955764,University of Illinois Chicago,tier1,ipeds,Q23002039 Q45400320 Q875538,Q1145814,145600,https://www.uic.edu/
Q941855,University of Illinois Springfield,tier1,ipeds,Q23002039 Q3918,Q1145814,148654,https://www.uis.edu/
Q457281,University of Illinois Urbana-Champaign,tier1,ipeds,Q23002039 Q615150 Q62078547,Q1145814,145637,https://illinois.edu
Q7895554,University of Indianapolis,tier1,ipeds,Q23002054 Q3918,,151263,https://uindy.edu/
Q182973,University of Iowa,tier1,ipeds,Q23002039 Q62078547,,153658,https://uiowa.edu
Q6146207,University of Jamestown,tier1,ipeds,Q23002054 Q3918,,200156,https://www.uj.edu
Q52413,University of Kansas,tier1,ipeds,Q2085381 Q23002039 Q3918 Q45400320 Q62078547,,155317,https://www.ku.edu
Q1360303,University of Kentucky,tier1,ipeds,Q23002039 Q45400320 Q615150 Q875538,,157085,https://uky.edu
Q8214783,University of La Verne,tier1,ipeds,Q23002054 Q3918,,117140,https://laverne.edu
Q116485,University of Louisiana at Lafayette,tier1,ipeds,Q23002039 Q3918,Q2495858,160658,https://louisiana.edu/
Q1552010,University of Louisiana at Monroe,tier1,ipeds,Q23002039 Q3918,Q2495858 Q66688979,159993,http://www.ulm.edu
Q1317143,University of Louisville,tier1,ipeds,Q23002039 Q62078547,,157289,http://www.louisville.edu
Q1307345,University of Maine,tier1,ipeds,Q209465 Q23002039 Q615150 Q62078547,Q2495861,161253,https://umaine.edu/
Q7895654,University of Maine at Augusta,tier1,ipeds,Q23002039 Q3918,Q2495861,161217,http://www.uma.edu/
Q7895656,University of Maine at Farmington,tier1,ipeds,Q23002039 Q3918,Q2495861,161226,https://www.umf.maine.edu/
Q7895655,University of Maine at Fort Kent,tier1,ipeds,Q23002039 Q3918,Q2495861,161235,https://www.umfk.edu/
Q7895657,University of Maine at Machias,tier1,ipeds,Q23002039 Q3918,Q2495861,161244,http://machias.edu
Q7895658,University of Maine at Presque Isle,tier1,ipeds,Q23002039 Q3918,Q2495861,161341,https://www.umpi.edu/
Q7895664,University of Management and Technology,tier1,ipeds,Q2385804 Q3918,,437097,http://www.umtweb.edu/
Q14708393,University of Mary,tier1,ipeds,Q1138671 Q23002054 Q3918,,200217,
Q7895673,University of Mary Hardin–Baylor,tier1,ipeds,Q1743327 Q209465 Q23002054,,226471,http://www.umhb.edu
Q657374,University of Mary Washington,tier1,ipeds,Q23002039 Q3918,,232681,https://www.umw.edu/
Q503415,University of Maryland,tier1,ipeds,Q2085381 Q23002039 Q615150 Q62078547,Q1480532,163286,https://umd.edu
Q49089,University of Maryland Eastern Shore,tier1,ipeds,Q1620945 Q23002039 Q3918 Q615150,Q1480532,163338,https://www.umes.edu/
Q14692455,University of Maryland Global Campus,tier1,ipeds,Q23002039 Q875538,Q1480532,163204,https://www.umgc.edu/
Q4119470,"University of Maryland, Baltimore",tier1,ipeds,Q23002039 Q875538,Q1480532,163259,https://www.umaryland.edu/
Q735049,"University of Maryland, Baltimore County",tier1,ipeds,Q15936437 Q23002039 Q3918,Q1480532,163268,https://www.umbc.edu/
Q15142,University of Massachusetts Amherst,tier1,ipeds,Q23002039 Q3918 Q615150,Q1061122,166629,https://www.umass.edu/
Q15144,University of Massachusetts Boston,tier1,ipeds,Q23002039 Q3918,Q1061122,166638,https://www.umb.edu/
Q4118040,University of Massachusetts Dartmouth,tier1,ipeds,Q23002039 Q45400320 Q875538,Q1061122,167987,https://umassd.edu
Q119993821,University of Massachusetts Global,tier1,ipeds,Q3918,Q1061122,262086,https://www.umassglobal.edu/
Q15143,University of Massachusetts Lowell,tier1,ipeds,Q23002039 Q875538,Q1061122,166513,https://www.uml.edu
Q2094177,University of Memphis,tier1,ipeds,Q23002039 Q62078547,,220862,http://www.memphis.edu
Q738258,University of Miami,tier1,ipeds,Q23002054 Q3918,Q30281730,135726,https://welcome.miami.edu/
Q230492,University of Michigan,tier1,ipeds,Q23002039 Q62078547,,170976,https://umich.edu
Q7895782,University of Michigan–Dearborn,tier1,ipeds,Q23002039 Q3918 Q618779,Q230492,171137,https://umdearborn.edu/
Q7895785,University of Michigan–Flint,tier1,ipeds,Q23002039 Q3918,Q230492,171146,http://www.umflint.edu
Q238101,University of Minnesota,tier1,ipeds,Q11396960 Q23002039 Q3914 Q45400320 Q615150 Q62078547,Q14552696,174066,https://twin-cities.umn.edu/
Q2495874,University of Minnesota Duluth,tier1,ipeds,Q23002039 Q875538,Q14552696,174233,https://www.d.umn.edu/
Q3551758,University of Minnesota Morris,tier1,ipeds,Q1377182 Q23002039 Q875538,Q14552696,174251,https://morris.umn.edu/
Q7895805,University of Minnesota Rochester,tier1,ipeds,Q23002039 Q875538,Q14552696,456959,http://www.r.umn.edu/
Q1138384,University of Mississippi,tier1,ipeds,Q15936437 Q23002039 Q875538,,176017,http://www.olemiss.edu
Q7895819,University of Mississippi Medical Center School of Dentistry,tier1,ipeds,Q23002039 Q3918,,176026,http://www.umc.edu
Q579968,University of Missouri,tier1,ipeds,Q23002039 Q615150 Q62078547,Q2713662,178396,https://missouri.edu/
Q940690,University of Missouri–Kansas City,tier1,ipeds,Q23002039 Q875538,Q2713662,178402,https://www.umkc.edu/
Q625103,University of Missouri–St. Louis,tier1,ipeds,Q23002039 Q3918,Q2713662,178420,https://www.umsl.edu/
Q7895847,University of Mobile,tier1,ipeds,Q1743327 Q23002054,,101693,http://www.umobile.edu
Q2302336,University of Montana,tier1,ipeds,Q15936437 Q23002039 Q875538,Q2495887,180489,https://www.umt.edu/
Q3551358,University of Montana Western,tier1,ipeds,Q23002039 Q3918,Q2495887,180692,https://www.umwestern.edu/
Q1698206,University of Montevallo,tier1,ipeds,Q23002039 Q3918,,101709,http://www.montevallo.edu
Q3551642,University of Mount Union,tier1,ipeds,Q23002054 Q3918,,204185,https://www.mountunion.edu/
Q7895890,University of Nebraska at Kearney,tier1,ipeds,Q23002039 Q3918,Q1202716,181215,http://www.unk.edu
Q2495890,University of Nebraska Omaha,tier1,ipeds,Q23002039 Q875538,Q1202716,181394,https://www.unomaha.edu/
Q1353679,University of Nebraska–Lincoln,tier1,ipeds,Q23002039 Q45400320 Q615150 Q875538,Q1202716,181464,http://www.unl.edu/
Q2302311,"University of Nevada, Las Vegas",tier1,ipeds,Q23002039 Q62078547,Q7003622,182281,https://unlv.edu
Q1185955,"University of Nevada, Reno",tier1,ipeds,Q23002039 Q615150 Q62078547,Q7003622,182290,https://www.unr.edu/
Q8215036,University of New England,tier1,ipeds,Q23002054 Q3918,,161457,http://www.une.edu/
Q49207,University of New Hampshire,tier1,ipeds,Q23002039 Q615150 Q62078547,Q7894951,183044,https://www.unh.edu/
Q7895907,University of New Hampshire at Manchester,tier1,ipeds,Q23002039 Q3918,Q7894951,183071,http://manchester.unh.edu
Q917899,University of New Haven,tier1,ipeds,Q23002054 Q3918,,129941,http://www.newhaven.edu
Q1190812,University of New Mexico,tier1,ipeds,Q23002039 Q45400320 Q62078547,,187985,https://www.unm.edu/
Q1273836,University of North Alabama,tier1,ipeds,Q23002039 Q875538,,101879,https://www.una.edu/
Q192334,University of North Carolina at Chapel Hill,tier1,ipeds,Q23002039 Q62078547,Q1191202,199120,https://unc.edu
Q1783178,University of North Carolina at Charlotte,tier1,ipeds,Q23002039 Q62078547,Q1191202,199139,https://charlotte.edu
Q1321380,University of North Carolina at Greensboro,tier1,ipeds,Q23002039 Q3918 Q45400320,Q1191202,199148,http://www.uncg.edu
Q10709746,University of North Carolina at Pembroke,tier1,ipeds,Q23002039 Q3918,Q1191202,199281,https://www.uncp.edu
Q7895938,University of North Carolina School of the Arts,tier1,ipeds,Q23002039 Q3918,Q1132346 Q1191202,199184,https://www.uncsa.edu/
Q2092214,University of North Carolina Wilmington,tier1,ipeds,Q23002039 Q875538,Q1191202,199218,http://www.uncw.edu
Q968559,University of North Dakota,tier1,ipeds,Q15936437 Q23002039 Q875538,Q3878529,200280,http://und.edu
Q1473796,University of North Florida,tier1,ipeds,Q23002039 Q3918,Q3382998,136172,https://www.unf.edu/
Q7895970,University of North Georgia,tier1,ipeds,Q3918,Q2495809,482680,https://ung.edu/
Q860527,University of North Texas,tier1,ipeds,Q23002039 Q62078547,,227216,https://www.unt.edu/
Q7895983,University of North Texas at Dallas,tier1,ipeds,Q3918,,484905,http://www.untdallas.edu/
Q1783608,University of Northern Colorado,tier1,ipeds,Q23002039 Q875538,,127741,https://unco.edu
Q1781094,University of Northern Iowa,tier1,ipeds,Q23002039 Q3918 Q96888669,,154095,http://www.uni.edu
Q7060296,University of Northwestern – St. Paul,tier1,ipeds,Q1743327 Q23002054 Q3918,,174491,https://www.unwsp.edu/
Q178848,University of Notre Dame,tier1,ipeds,Q23002054 Q45400320 Q557206 Q902104 Q96888669,,152080,https://www.nd.edu/
Q640652,University of Oklahoma,tier1,ipeds,Q23002039 Q3918 Q62078547,,207500,http://www.ou.edu
Q766145,University of Oregon,tier1,ipeds,Q15936437 Q23002039 Q875538,Q850798,209551,http://www.uoregon.edu
Q49117,University of Pennsylvania,tier1,ipeds,Q1188663 Q15936437 Q23002054 Q902104,,215062,https://upenn.edu
Q1889100,University of Phoenix,tier1,ipeds,Q23002052 Q3918,Q619111,105516,https://www.phoenix.edu/
Q235034,University of Pittsburgh,tier1,ipeds,Q15936437 Q221096 Q23002039 Q45400320 Q902104,,215293,https://www.pitt.edu
Q7896145,University of Pittsburgh at Bradford,tier1,ipeds,Q23002039 Q2385804 Q3918,Q235034,215266,https://www.upb.pitt.edu/
Q7896148,University of Pittsburgh at Johnstown,tier1,ipeds,Q23002039 Q3918,Q235034,215284,https://www.johnstown.pitt.edu//
Q513658,University of Portland,tier1,ipeds,Q23002054 Q557206,,209825,https://www.up.edu/
Q7895472,University of Providence,tier1,ipeds,Q23002054 Q3918,,180258,https://www.uprovidence.edu/
Q7896171,University of Puerto Rico at Aguadilla,tier1,ipeds,Q3918,,243106,http://www.uprag.edu
Q7896172,University of Puerto Rico at Arecibo,tier1,ipeds,Q3918,Q2075365,243115,http://www.upra.edu
Q6156806,University of Puerto Rico at Bayamón,tier1,ipeds,Q3918,,243133,http://www.uprb.edu/
Q7896174,University of Puerto Rico at Carolina,tier1,ipeds,Q3918,,243142,http://www.uprc.edu/
Q7896175,University of Puerto Rico at Cayey,tier1,ipeds,Q3918,Q2075365,243151,http://www.cayey.upr.edu
Q7896176,University of Puerto Rico at Humacao,tier1,ipeds,Q3918,Q2075365,243179,http://www.uprh.edu
Q7896177,University of Puerto Rico at Mayaguez,tier1,ipeds,Q3918 Q615150,Q2075365,243197,http://www.uprm.edu
Q7896178,University of Puerto Rico at Ponce,tier1,ipeds,Q3918,Q2075365,243212,https://www.uprp.edu/
Q7896179,University of Puerto Rico at Utuado,tier1,ipeds,Q3918,,243188,http://www.uprutuado.edu/
Q7896165,"University of Puerto Rico, Medical Sciences Campus",tier1,ipeds,Q3918,Q2075365,243203,http://www.rcm.upr.edu
Q7896167,"University of Puerto Rico, Río Piedras Campus",tier1,ipeds,Q875538,Q2075365,243221,http://www.uprrp.edu
Q1270831,University of Redlands,tier1,ipeds,Q23002054 Q3918 Q5772674,,121691,https://www.redlands.edu/
Q1641788,University of Rhode Island,tier1,ipeds,Q15936437 Q23002039 Q45400320 Q615150 Q875538,,217484,https://www.uri.edu/
Q1115878,University of Richmond,tier1,ipeds,Q23002054 Q3918,,233374,http://www.richmond.edu
Q7896213,University of Rio Grande and Rio Grande Community College,tier1,ipeds,Q1336920 Q23002054 Q29431432 Q5341295 Q902104,Q2331177,205203,https://www.rio.edu/
Q149990,University of Rochester,tier1,ipeds,Q23002054 Q3918,,195030,https://www.rochester.edu/
Q1276602,University of Saint Francis,tier1,ipeds,Q23002054 Q557206 Q902104,,152336,https://www.sf.edu/
Q24399,University of Saint Joseph,tier1,ipeds,Q23002054 Q3918,,130314,https://www.usj.edu/
Q7896225,University of Saint Mary,tier1,ipeds,Q23002054 Q3918,,155812,https://www.stmary.edu/
Q7896226,University of Saint Mary of the Lake,tier1,ipeds,Q14911880 Q23002054,,148885,http://www.usml.edu
Q262663,University of San Diego,tier1,ipeds,Q23002054 Q902104,,122436,https://www.sandiego.edu/
Q1887879,University of San Francisco,tier1,ipeds,Q2085381 Q23002054 Q3918 Q45400320,,122612,https://www.usfca.edu/
Q7896279,University of Science and Arts of Oklahoma,tier1,ipeds,Q23002039 Q3918,,207722,http://www.usao.edu
Q2495907,University of Scranton,tier1,ipeds,Q23002054 Q3918,,215929,https://www.scranton.edu/
Q7896307,University of Sioux Falls,tier1,ipeds,Q1743327 Q23002054 Q902104,,219383,https://www.usiouxfalls.edu/
Q13572981,University of South Alabama,tier1,ipeds,Q23002039 Q3918,,102094,https://www.southalabama.edu/
Q1024426,University of South Carolina,tier1,ipeds,Q15936437 Q23002039 Q875538,Q1537299,218663,https://sc.edu/
Q7896316,University of South Carolina Aiken,tier1,ipeds,Q23002039 Q3918 Q811430,Q1537299,218645,https://www.usca.edu/
Q7896318,University of South Carolina Beaufort,tier1,ipeds,Q23002039 Q3918,Q1537299,218654,https://www.uscb.edu/
Q1305521,University of South Dakota,tier1,ipeds,Q23002039 Q62078547,,219471,https://www.usd.edu/
Q500606,University of South Florida,tier1,ipeds,Q23002039 Q45400320 Q875538,Q3382998,137351,http://www.usf.edu/
Q7896336,University of South Florida St. Petersburg,tier1,ipeds,Q23002039 Q3918,Q3382998,448840,http://www.usfsp.edu
Q4614,University of Southern California,tier1,ipeds,Q15936437 Q23002054 Q45400320 Q902104,,123961,https://usc.cn
Q940289,University of Southern Indiana,tier1,ipeds,Q23002039 Q3918,,151306,https://www.usi.edu
Q3244049,University of Southern Maine,tier1,ipeds,Q23002039 Q3918,Q2495861,161554,https://usm.maine.edu
Q624090,University of Southern Mississippi,tier1,ipeds,Q23002039 Q45400320 Q875538,,176372,https://www.usm.edu/
Q1276380,University of St. Francis,tier1,ipeds,Q23002054 Q3918,,148584,https://stfrancis.edu/
Q1164229,University of St. Thomas,tier1,ipeds,Q23002054 Q902104,,174914,http://www.stthomas.edu
Q2495922,University of St. Thomas,tier1,ipeds,Q23002054 Q3918,,227863,http://www.stthom.edu
Q751289,University of Tampa,tier1,ipeds,Q23002054 Q3918,,137847,https://www.ut.edu/
Q1150105,University of Tennessee,tier1,ipeds,Q123705 Q15936437 Q23002039 Q3918 Q615150 Q7638697 Q875538,Q2495917,221759,https://www.utk.edu/
Q1781384,University of Tennessee at Chattanooga,tier1,ipeds,Q23002039 Q875538,Q2495917,221740,https://www.utc.edu/
Q1566138,University of Tennessee at Martin,tier1,ipeds,Q23002039 Q3918 Q41176,Q2495917,221768,http://www.utm.edu/
Q6776185,University of Tennessee Southern,tier1,ipeds,Q875538,,220701,https://utsouthern.edu/
Q1230739,University of Texas at Arlington,tier1,ipeds,Q23002039 Q62078547,Q2140391,228769,http://www.uta.edu
Q49213,University of Texas at Austin,tier1,ipeds,Q23002039 Q62078547,Q2140391,228778,https://www.utexas.edu/
Q1781394,University of Texas at Dallas,tier1,ipeds,Q23002039 Q3918,Q2140391,228787,https://www.utdallas.edu/
Q2093110,University of Texas at El Paso,tier1,ipeds,Q23002039 Q62078547,Q2140391,228796,https://www.utep.edu
Q183170,University of Texas at San Antonio,tier1,ipeds,Q23002039 Q3918,Q2140391,229027,http://www.utsa.edu/
Q212528,University of Texas at Tyler,tier1,ipeds,Q23002039 Q3918,,228802,https://www.uttyler.edu/
Q7896431,University of Texas Health Science Center at Houston,tier1,ipeds,Q16917 Q23002039 Q875538,Q2140391,229300,https://www.uth.edu/
Q4005868,University of Texas Health Science Center at San Antonio,tier1,ipeds,Q16917 Q23002039 Q3918 Q4671274,Q2140391,228644,http://www.uthscsa.edu
Q2495935,University of Texas Permian Basin,tier1,ipeds,Q23002039 Q3918,Q2140391,229018,http://www.utpb.edu
Q17028121,University of Texas Rio Grande Valley,tier1,ipeds,Q23002039 Q3918 Q45400320,Q2140391,227368,http://www.utrgv.edu
Q7896695,University of the Cumberlands,tier1,ipeds,Q1743327 Q23002054 Q3914,,156541,http://www.ucumberlands.edu
Q3551751,University of the District of Columbia,tier1,ipeds,Q1620945 Q23002039 Q615150 Q875538,,131399,http://www.udc.edu
Q1813761,University of the Incarnate Word,tier1,ipeds,Q23002054 Q3918,,225627,https://www.uiw.edu/
Q7896711,University of the Ozarks,tier1,ipeds,Q23002054 Q3918,,107558,http://www.ozarks.edu
Q630226,University of the Pacific,tier1,ipeds,Q23002054 Q902104,,120883,https://www.pacific.edu/
Q620973,University of the People,tier1,ipeds,Q163740 Q3269648 Q902104,,488846,https://www.uopeople.edu/
Q3443159,University of the Sciences in Philadelphia,tier1,ipeds,Q23002054 Q3918,,215132,http://www.usciences.edu
Q7896772,University of the Southwest,tier1,ipeds,Q1743327 Q23002054 Q3918,,188182,http://www.usw.edu
Q7896780,University of the Virgin Islands,tier1,ipeds,Q1620945 Q615150 Q875538,Q1620945,243665,http://www.uvi.edu
Q7896781,University of the West,tier1,ipeds,Q23002054 Q3918,,449870,http://www.uwest.edu
Q2302319,University of Toledo,tier1,ipeds,Q23002039 Q62078547,Q2331177,206084,http://www.utoledo.edu/
Q1848657,University of Tulsa,tier1,ipeds,Q23002054 Q3918 Q96888669,,207971,http://tulsahurricane.com
Q168515,University of Utah,tier1,ipeds,Q23002039 Q62078547,Q7902486,230764,https://www.utah.edu
Q1048898,University of Vermont,tier1,ipeds,Q23002039 Q45400320 Q615150 Q62078547,,231174,https://www.uvm.edu/
Q213439,University of Virginia,tier1,ipeds,Q23002039 Q62078547,,234076,https://virginia.edu
Q128111,University of Virginia's College at Wise,tier1,ipeds,Q23002039 Q3918,,233897,https://www.uvawise.edu/
Q7896565,University of Washington Bothell,tier1,ipeds,Q209465 Q23002039 Q232846 Q875538,Q219563,377555,http://www.uwb.edu
Q7896583,University of Washington Tacoma,tier1,ipeds,Q209465 Q23002039 Q232846 Q875538,Q219563 Q49862016,377564,http://www.tacoma.uw.edu/
Q637346,University of West Alabama,tier1,ipeds,Q23002039 Q875538,,101587,https://www.uwa.edu/
Q659255,University of West Florida,tier1,ipeds,Q23002039 Q3918,Q3382998,138354,https://uwf.edu/
Q2495945,University of West Georgia,tier1,ipeds,Q23002039 Q3918,Q2495809,141334,http://www.westga.edu/
Q7896603,University of West Los Angeles,tier1,ipeds,Q1321960 Q3918,,484862,http://www.uwla.edu/
Q7896612,University of Western States,tier1,ipeds,Q23002054 Q3918,,210438,https://www.uws.edu/
Q10943718,University of Wisconsin-Superior,tier1,ipeds,Q23002039 Q3918,Q10814056,240426,https://www.uwsuper.edu/
Q3551771,University of Wisconsin–Eau Claire,tier1,ipeds,Q23002039 Q875538,Q10814056,240268,http://www.uwec.edu
Q2378091,University of Wisconsin–Green Bay,tier1,ipeds,Q875538,Q10814056,240277,http://www.uwgb.edu
Q2688358,University of Wisconsin–La Crosse,tier1,ipeds,Q23002039 Q875538,Q10814056,240329,http://www.uwlax.edu
Q838330,University of Wisconsin–Madison,tier1,ipeds,Q23002039 Q615150 Q62078547,Q10814056,240444,https://wisc.edu
Q1755318,University of Wisconsin–Milwaukee,tier1,ipeds,Q15936437 Q23002039 Q875538,Q10814056,240453,http://uwm.edu
Q2503441,University of Wisconsin–Oshkosh,tier1,ipeds,Q23002039 Q875538,Q10814056,240365,http://www.uwosh.edu
Q2590739,University of Wisconsin–Parkside,tier1,ipeds,Q23002039 Q3918,Q10814056,240374,https://www.uwp.edu
Q2590962,University of Wisconsin–Platteville,tier1,ipeds,Q23002039 Q875538,Q10814056,240462,http://www.uwplatt.edu
Q2687532,University of Wisconsin–River Falls,tier1,ipeds,Q23002039 Q3918,Q10814056,240471,http://www.uwrf.edu
Q2687782,University of Wisconsin–Stevens Point,tier1,ipeds,Q23002039 Q3918 Q875538,Q10814056,240480,http://www.uwsp.edu
Q2590529,University of Wisconsin–Stout Polytechnic,tier1,ipeds,Q23002039 Q3918,Q10814056,240417,http://www.uwstout.edu
Q3551772,University of Wisconsin–Whitewater,tier1,ipeds,Q23002039 Q3918,Q10814056,240189,https://www.uww.edu/
Q1326975,University of Wyoming,tier1,ipeds,Q23002039 Q615150 Q875538,,240727,http://www.uwyo.edu
Q7865512,UPMC Shadyside School of Nursing,tier1,ipeds,Q23002054 Q3918,,215974,http://www.upmc.edu/shadyside/schoolofnursing
Q7898705,Upper Iowa University,tier1,ipeds,Q23002054 Q3918,,154493,https://uiu.edu/
Q7900213,Urbana University,tier1,ipeds,Q23002054 Q3918,,206330,http://www.urbana.edu
Q7901303,Ursuline College,tier1,ipeds,Q23002054 Q3918,,206349,https://www.ursuline.edu/
Q1052614,Utah State University,tier1,ipeds,Q23002039 Q3918 Q45400320 Q615150 Q7315091,Q7902486,230728,http://www.usu.edu
Q254191,Utah State University Eastern,tier1,ipeds,Q3918,Q7902486,230092,http://www.eastern.usu.edu
Q1231724,Utah Tech University,tier1,ipeds,Q23002039 Q3918,Q7902486,230171,https://utahtech.edu/
Q940919,Utah Valley University,tier1,ipeds,Q209465 Q23002039 Q3918,Q7902486,230737,https://www.uvu.edu
Q2508061,Valdosta State University,tier1,ipeds,Q23002039 Q875538,Q2495809,141264,https://www.valdosta.edu/
Q7912012,Valley City State University,tier1,ipeds,Q23002039 Q3918,Q3878529,200572,http://www.vcsu.edu
Q7912535,Valor Christian College,tier1,ipeds,Q1971849 Q576603,,486257,http://www.valorcollege.edu
Q186047,Valparaiso University,tier1,ipeds,Q23002054 Q45400320 Q902104,,152600,http://www.valpo.edu
Q29052,Vanderbilt University,tier1,ipeds,Q23002054 Q45400320 Q902104,,221999,https://www.vanderbilt.edu/
Q7914844,Vanguard University of Southern California,tier1,ipeds,Q1743327 Q23002054 Q3918,,123651,https://www.vanguard.edu/
Q7921788,Vermont Technical College,tier1,ipeds,Q23002039 Q3918 Q59419153,,231165,http://www.vtc.edu
Q1466001,Villanova University,tier1,ipeds,Q23002054 Q45400320 Q557206 Q902104,,216597,http://www1.villanova.edu/content/main.html
Q2526468,Vincennes University,tier1,ipeds,Q23002039 Q3918,,152637,http://vinu.edu/
Q2303536,Virginia Commonwealth University,tier1,ipeds,Q23002039 Q62078547,,234030,https://www.vcu.edu/
Q785357,Virginia Military Institute,tier1,ipeds,Q1935049 Q23002039 Q917182,,234085,https://www.vmi.edu/
Q7934591,Virginia State University,tier1,ipeds,Q1620945 Q17343829 Q23002039 Q615150 Q875538,,234155,https://www.vsu.edu/
Q65379,Virginia Tech,tier1,ipeds,Q23002039 Q3445354 Q3918 Q615150,,233921,https://www.vt.edu/
Q1814758,Virginia Union University,tier1,ipeds,Q1620945 Q209465 Q23002054 Q3918,,234164,https://www.vuu.edu/
Q7936090,Visible School,tier1,ipeds,Q1021290 Q23002054 Q3918 Q94670589,,449764,http://www.visible.edu
Q7937045,Viterbo University,tier1,ipeds,Q23002054 Q3918 Q45400320,,240107,https://www.viterbo.edu/
Q392667,Wake Forest University,tier1,ipeds,Q23002054 Q3918,,199847,https://wfu.edu
Q7961486,Walden University,tier1,ipeds,Q23002052 Q3918,,125231,http://www.waldenu.edu
Q3551688,Walla Walla University,tier1,ipeds,Q1743327 Q23002054 Q3918,,236896,https://www.wallawalla.edu/
Q3444269,Walsh University,tier1,ipeds,Q23002054 Q3918,,206437,http://www.walsh.edu
Q7969745,Warner Pacific University,tier1,ipeds,Q1743327 Q23002054 Q902104,,210304,http://www.warnerpacific.edu/
Q7969774,Warner University,tier1,ipeds,Q1743327 Q23002054,,138275,http://www.warner.edu
Q941551,Washburn University,tier1,ipeds,Q23002039 Q875538,,156082,http://www.washburn.edu
Q3551510,Washington Adventist University,tier1,ipeds,Q1743327 Q23002054 Q3918,,162210,https://www.wau.edu/
Q1785291,Washington and Lee University,tier1,ipeds,Q23002054 Q902104,,234207,https://www.wlu.edu/
Q597236,Washington State University,tier1,ipeds,Q15936437 Q23002039 Q615150 Q875538,Q114119453,236939,https://wsu.edu
Q777403,Washington University in St. Louis,tier1,ipeds,Q23002054 Q902104,,179867,https://washu.edu/
Q7975162,Waukesha County Technical College,tier1,ipeds,Q23002039 Q3918,,240125,http://www.wctc.edu
Q7975875,Waycross College,tier1,ipeds,Q3918,,141307,http://www.waycross.edu/
Q7975912,Wayland Baptist University,tier1,ipeds,Q1743327 Q23002054 Q3918,,229780,http://www.wbu.edu
Q7976138,Wayne County Community College District,tier1,ipeds,Q23002039 Q3918,,172635,http://www.wcccd.edu
Q349055,Wayne State University,tier1,ipeds,Q23002039 Q62078547,,172644,https://wayne.edu
Q7976817,Waynesburg University,tier1,ipeds,Q23002054 Q3918,,216694,http://www.waynesburg.edu
Q7978660,Webb Institute,tier1,ipeds,Q1663017 Q23002054 Q3918,,197221,https://www.webb.edu/
Q7978693,Webber International University,tier1,ipeds,Q23002054 Q3918,,138293,https://www.webber.edu/
Q1787152,Weber State University,tier1,ipeds,Q23002039 Q5028741,Q7902486,230782,https://www.weber.edu
Q1465303,Webster University,tier1,ipeds,Q23002054 Q902104,,179894,https://www.webster.edu/
Q7980543,Welch College,tier1,ipeds,Q23002054 Q3918 Q576603,,220206,http://www.welch.edu
Q49205,Wellesley College,tier1,ipeds,Q23002054 Q3660535 Q3918,Q1886223,168218,https://www.wellesley.edu
Q12010517,Wentworth Institute of Technology,tier1,ipeds,Q1664720 Q23002054 Q3918,,168227,https://wit.edu/
Q7983895,Wesley College,tier1,ipeds,Q576603,,176460,http://www.wesleycollege.edu/home.html
Q49167,Wesleyan University,tier1,ipeds,Q23002054 Q902104,Q6652270,130697,https://www.wesleyan.edu/
Q3443893,West Chester University of Pennsylvania,tier1,ipeds,Q23002039 Q3918,Q3304232,216764,http://www.wcupa.edu
Q7985746,West Liberty University,tier1,ipeds,Q23002039 Q3918,,237932,https://www.westliberty.edu/
Q7986651,West Texas A&M University,tier1,ipeds,Q23002039 Q3918,Q1781044,229814,http://www.wtamu.edu
Q7986919,West Virginia State University,tier1,ipeds,Q1620945 Q23002039 Q615150 Q875538,,237899,https://wvstateu.edu/
Q115376,West Virginia University,tier1,ipeds,Q23002039 Q45400320 Q615150 Q62078547,,238032,http://www.wvu.edu/
Q16983276,West Virginia University at Parkersburg,tier1,ipeds,Q23002039 Q3918,,237686,https://www.wvup.edu/
Q7986928,West Virginia University Institute of Technology,tier1,ipeds,Q23002039 Q3918,,237950,http://www.wvutech.edu
Q1050078,Western Carolina University,tier1,ipeds,Q23002039 Q3918,Q1191202,200004,https://www.wcu.edu
Q2564975,Western Colorado University,tier1,ipeds,Q23002039 Q3918 Q7075,,128391,https://western.edu/
Q1552113,Western Connecticut State University,tier1,ipeds,Q23002039 Q3918,Q30283149,130776,http://www.wcsu.edu
Q7987876,Western Governors University,tier1,ipeds,Q23002054 Q3918,,433387,http://www.wgu.edu
Q1474005,Western Illinois University,tier1,ipeds,Q23002039 Q3918,,149772,http://www.wiu.edu
Q1474105,Western Kentucky University,tier1,ipeds,Q23002039 Q3918,,157951,https://www.wku.edu/
Q1546191,Western Michigan University,tier1,ipeds,Q23002039 Q45400320 Q875538,,172699,https://wmich.edu
Q7988102,Western New England University,tier1,ipeds,Q23002054 Q3918,,168254,https://wne.edu
Q7988105,Western New Mexico University,tier1,ipeds,Q23002039 Q3918,,188304,https://wnmu.edu/
Q1629641,Western Oregon University,tier1,ipeds,Q23002039 Q875538,Q850798,210429,https://wou.edu/
Q7988378,Western Technical College,tier1,ipeds,Q23002039 Q3918,,240170,http://www.westerntc.edu
Q7988383,Western Texas College,tier1,ipeds,Q23002039 Q3918,,229832,http://www.wtc.edu
Q7988415,Western University of Health Sciences,tier1,ipeds,Q23002054 Q3914 Q3918,,112525,http://www.westernu.edu
Q284777,Western Washington University,tier1,ipeds,Q23002039 Q875538,,237011,https://www.wwu.edu/
Q14438080,Westfield State University,tier1,ipeds,Q23002039 Q3918,,168263,http://www.westfield.ma.edu
Q3444458,Westmont College,tier1,ipeds,Q1743327 Q23002054,,125727,https://www.westmont.edu/
Q747179,Wheaton College,tier1,ipeds,Q1377182 Q1743327 Q20925702 Q23002054,,149781,https://www.wheaton.edu/
Q924318,Wheaton College,tier1,ipeds,Q23002054 Q3918,,168281,http://www.wheatoncollege.edu
Q2566683,Wheeling University,tier1,ipeds,Q23002054 Q3918,,238078,
Q7994668,White Earth Tribal and Community College,tier1,ipeds,Q1336920 Q23002054 Q615150 Q7840326,,434751,http://www.wetcc.edu
Q7996977,Whitworth University,tier1,ipeds,Q1743327 Q23002054 Q3918,,237066,https://www.whitworth.edu/cms/
Q429561,Wichita State University,tier1,ipeds,Q23002039 Q3918,,156125,https://www.wichita.edu/
Q3443325,Widener University,tier1,ipeds,Q23002054 Q3918,,216852,https://www.widener.edu/
Q1730032,Wilberforce University,tier1,ipeds,Q1620945 Q23002054 Q3914 Q3918,,206491,http://www.wilberforce.edu
Q8002474,Wilkes University,tier1,ipeds,Q23002054 Q3918,,216931,https://www.wilkes.edu/
Q8006551,William Carey University,tier1,ipeds,Q1743327 Q23002054 Q3918,,176479,http://www.wmcarey.edu
Q6784362,William James College,tier1,ipeds,Q23002054 Q3918,,166717,http://www.williamjames.edu
Q8013573,William Jessup University,tier1,ipeds,Q1743327 Q23002054 Q3918,,122728,https://jessup.edu/
Q3444527,William Paterson University,tier1,ipeds,Q23002039 Q3918,,187444,http://www.wpunj.edu
Q8016704,William Peace University,tier1,ipeds,Q23002054 Q3918,,199272,https://www.peace.edu
Q8016768,William Penn University,tier1,ipeds,Q23002054 Q3918,,154590,http://www.wmpenn.edu
Q3445253,William Woods University,tier1,ipeds,Q23002054 Q3918,,179964,https://www.williamwoods.edu/
Q8020982,Williams Baptist University,tier1,ipeds,Q1743327 Q23002054,,107877,http://williamsbu.edu/
Q38251806,Williamsburg Technical College,tier1,ipeds,Q3918,Q7566646,218955,http://www.wiltech.edu/
Q8022152,Williston State College,tier1,ipeds,Q23002039 Q3918,Q3878529,200341,http://www.willistonstate.edu
Q13564053,Wilmington University,tier1,ipeds,Q23002054 Q902104,,131113,https://www.wilmu.edu/
Q8025153,Wingate University,tier1,ipeds,Q1743327 Q23002054 Q3918,,199962,https://www.wingate.edu
Q3233786,Winona State University,tier1,ipeds,Q23002039 Q3918,,175272,http://www.winona.edu
Q8026034,Winston-Salem State University,tier1,ipeds,Q1620945 Q23002039 Q3914 Q3918,Q1191202,199999,https://www.wssu.edu/
Q8026588,Winthrop University,tier1,ipeds,Q23002039 Q3918,,218964,http://www.winthrop.edu
Q8027229,Wisconsin Lutheran College,tier1,ipeds,Q23002054 Q3918,,240338,https://www.wlc.edu/
Q8027270,Wisconsin School of Professional Psychology,tier1,ipeds,Q23002054 Q3918,,240213,http://www.wspp.edu
Q8028571,Wittenberg University,tier1,ipeds,Q23002054 Q3918,,206525,http://www.wittenberg.edu
Q3445331,Woodbury University,tier1,ipeds,Q23002054 Q3918,,125897,http://woodbury.edu/
Q195046,Worcester Polytechnic Institute,tier1,ipeds,Q23002054 Q3918,,168421,http://www.wpi.edu
Q3446068,Worcester State University,tier1,ipeds,Q23002039 Q875538,,168430,https://www.worcester.edu/
Q8035955,World Medicine Institute,tier1,ipeds,Q23002054 Q3918,,141936,http://www.wmi.edu
Q2002085,Wright State University,tier1,ipeds,Q23002039 Q62078547,Q2331177,206604,http://www.wright.edu
Q8040279,WyoTech,tier1,ipeds,Q189004 Q23002052 Q322563 Q902104,,240718,https://www.wyotech.edu
Q1849843,Xavier University,tier1,ipeds,Q110225820 Q23002054 Q902104,,206622,http://www.xavier.edu
Q390087,Xavier University of Louisiana,tier1,ipeds,Q1620945 Q23002054 Q3918,,160904,https://www.xula.edu/
Q49112,Yale University,tier1,ipeds,Q11396960 Q1188663 Q15936437 Q23002054 Q902104 Q96888669,,130794,https://yale.edu
Q1048851,Yeshiva University,tier1,ipeds,Q23002054 Q902104,,197708,https://www.yu.edu/
Q8055402,York University,tier1,ipeds,Q1743327 Q23002054,,181853,https://www.york.edu/
Q1783191,Youngstown State University,tier1,ipeds,Q23002039 Q3918,Q2331177,206695,http://www.ysu.edu
Q8066116,Zane State College,tier1,ipeds,Q23002039 Q3918,Q2331177,204255,http://www.zanestate.edu
Q3151824,Zaytuna College,tier1,ipeds,Q189004 Q233324 Q3918,,458575,https://www.zaytuna.edu/
Q16152283,Abilene Christian University College of Arts and Sciences,review,"university class, no ipeds or ror",Q1743327 Q3918,,,http://www.acu.edu/academics/cas/
Q4671554,Academy of the New Church Theological School,review,"university class, no ipeds or ror",Q3918,,,http://www.ancts.org/
Q4679820,Adam Smith University,review,ror but no ipeds,Q3918,,,http://www.adamsmith.edu
Q4686112,Advanced Academy of Georgia,review,"university class, no ipeds or ror",Q3918,,,http://www.advancedacademy.org/
Q4686850,Advisory Council of Faculty Senates,review,"university class, no ipeds or ror",Q3918,,,http://www.flacfs.org/
Q407875,Air University,review,ror but no ipeds,Q1522839 Q3918,Q11223,,http://www.au.af.mil/
Q4736440,Alternative Energy Institute,review,"university class, no ipeds or ror",Q31855 Q3918,,,http://www.windenergy.org/
Q131748084,American International Theism University,review,ror but no ipeds,Q1971849 Q902104,,,https://aituedu.org/
Q21980979,American Military University,review,ror but no ipeds,Q130382439 Q1407393 Q23002052,Q646842,,https://www.amu.apus.edu/index.html
Q21980971,American Public University,review,"university class, no ipeds or ror",Q1407393 Q23002052 Q3918,Q646842,,https://www.apu.apus.edu/
Q4745156,American Sports University,review,ror but no ipeds,Q3918,,,https://www.americansportsuniversity.com/
Q30297319,American University for Humanities,review,ror but no ipeds,Q3918,,,http://www.auh.edu/
Q4745317,American University of Leadership,review,ror but no ipeds,Q3918,,,
Q1053925,American University of the Caribbean,review,ror but no ipeds,Q3918,,,https://aucmed.edu
Q4745400,American World University,review,ror but no ipeds,Q3918,,,http://www.awuedu.org/
Q4750900,Anaheim University,review,ror but no ipeds,Q3918,,,http://www.jp.anaheim.edu
Q4762972,Angelo State University College of Graduate Studies,review,"university class, no ipeds or ror",Q3918,,,http://angelo.edu/dept/grad_school/
Q4762975,Angelo State University College of Nursing and Allied Health,review,"university class, no ipeds or ror",Q3918,,,http://angelo.edu/dept/nursing_and_allied_health/
Q4762976,Angelo State University Management Instruction and Research Center,review,"university class, no ipeds or ror",Q3918,,,http://www.angelo.edu/dept/agriculture/research.html
Q45257903,Apollos University,review,ror but no ipeds,Q3918,,,
Q4788790,Arellano University School of Law,review,"university class, no ipeds or ror",Q3918,Q641084,,http://www.arellanolaw.edu/
Q4789716,Argosy University,review,"university class, no ipeds or ror",Q3918,,,http://www.argosy.edu/
Q4791264,Arizona Center for Medieval and Renaissance Studies,review,"university class, no ipeds or ror",Q15936437,,,http://www.acmrs.org
Q4794168,Army Sustainment University,review,ror but no ipeds,Q917182,,,http://www.alu.army.mil/
Q4804362,Ash Center for Democratic Governance and Innovation,review,"university class, no ipeds or ror",Q3918,,,http://ash.harvard.edu/
Q4807187,Askew School of Public Administration and Policy,review,"university class, no ipeds or ror",Q3918,,,http://www.askew.fsu.edu/
Q16971192,Associated Students of the University of Hawaii,review,"university class, no ipeds or ror",Q3918,,,http://asuh.hawaii.edu/
Q4809596,Association of Alabama Camps,review,"university class, no ipeds or ror",Q3918,,,http://www.alabamacamps.org
Q4816174,Atlanta University Center,review,ror but no ipeds,Q194166 Q3918,,,http://www.aucenter.edu/
Q4816580,Atlantic University,review,ror but no ipeds,Q3918,,,http://www.atlanticuniv.edu
Q4821180,Augustine Institute,review,"university class, no ipeds or ror",Q3918,,,https://www.augustineinstitute.org/
Q4823013,Austin Center for Design,review,"university class, no ipeds or ror",Q3918,,,http://www.austincenterfordesign.com/
Q18712774,Automotive Dealership Institute,review,"university class, no ipeds or ror",Q3918,,,http://www.autodealerinstitute.com/
Q4842188,Bagwell College of Education,review,"university class, no ipeds or ror",Q3918,,,http://www.kennesaw.edu/education/
Q4852871,Baltimore Hebrew University,review,"university class, no ipeds or ror",Q3918,,,http://www.bhu.edu/
Q4863411,"Barrett, The Honors College",review,"university class, no ipeds or ror",Q3918,,,http://barretthonors.asu.edu
Q4291278,Basic Enlisted Submarine School,review,"university class, no ipeds or ror",Q3918,,,http://www.netc.navy.mil/centers/slc/nss/BessgraDeptTrain.aspx?ID=1
Q4874074,Bay Ridge Christian College,review,"university class, no ipeds or ror",Q3918,,,http://bayridgecollege.org/
Q4917710,Bishop Simon Bruté College Seminary,review,"university class, no ipeds or ror",Q14911880,,,http://www.archindy.org/bsb
Q4927158,Block O,review,"university class, no ipeds or ror",Q3918,,,http://www.blocko.org/
Q4948171,Boston University College of Communication,review,"university class, no ipeds or ror",Q3918,,,http://bu.edu/com
Q4948188,Boston University Science and Engineering Program,review,"university class, no ipeds or ror",Q3918,,,http://www.bu.edu/met/metropolitan_college_academic_departments/
Q4950311,Bourns College of Engineering,review,"university class, no ipeds or ror",Q875538,,,https://www.engr.ucr.edu/
Q4951168,Bowling Green State University College of Arts and Sciences,review,"university class, no ipeds or ror",Q3918,,,https://www.bgsu.edu/arts-and-sciences.html
Q4951170,Bowling Green State University College of Education and Human Development,review,"university class, no ipeds or ror",Q3918,,,https://www.bgsu.edu/education-and-human-development.html
Q4952249,Boyce College,review,"university class, no ipeds or ror",Q1743327 Q233324,,,http://www.boycecollege.com
Q17511574,Boyer College of Music and Dance,review,"university class, no ipeds or ror",Q3918,,,http://www.temple.edu/boyer/
Q4956720,Brandman University,review,ror but no ipeds,Q3918,,,http://www.brandman.edu
Q4962796,Breyer State University,review,ror but no ipeds,Q3918,,,http://www.breyerstate.com
Q4974987,Brooks College of Health,review,"university class, no ipeds or ror",Q3918,,,http://www.unf.edu/brooks/
Q4976203,Brown Mackie College,review,"university class, no ipeds or ror",Q3918,Q5340903,,http://www.brownmackie.edu/
Q5018199,Cal Poly San Luis Obispo College of Architecture and Environmental Design,review,"university class, no ipeds or ror",Q3918,,,http://www.caed.calpoly.edu/
Q16256074,Cal Poly San Luis Obispo College of Engineering,review,"university class, no ipeds or ror",Q3918,,,http://ceng.calpoly.edu/
Q5020332,California Coast University,review,ror but no ipeds,Q1407393 Q902104,,,http://www.calcoast.edu/
Q5020742,California Pacific School of Theology,review,"university class, no ipeds or ror",Q3918,,,http://www.californiapacificschooloftheology.org
Q14681686,California Pacific University,review,ror but no ipeds,Q3918,,,http://cpu.edu/
Q5020944,California School of Professional Psychology,review,"university class, no ipeds or ror",Q3918,,,https://www.alliant.edu/cspp/
Q5020979,California South Bay University,review,"university class, no ipeds or ror",Q3918,,,http://www.csbu.us/
Q5020984,California Southern University,review,ror but no ipeds,Q3918,,,http://www.calsouthern.edu/
Q815352,California State University,review,ror but no ipeds,Q1075106 Q3918,Q5589189,,http://www.calstate.edu/
Q5024160,Calvary Chapel Bible College,review,"university class, no ipeds or ror",Q189004 Q576603,,,http://www.calvarychapelbiblecollege.com
Q5037113,Capuchin College,review,"university class, no ipeds or ror",Q14911880,,,http://www.capuchin.com//
Q130293343,CatholicTech,review,ror but no ipeds,Q3918,,,https://catholic.tech/
Q5059472,Center for Advanced Public Safety,review,"university class, no ipeds or ror",Q3918,,,http://caps.ua.edu/
Q5059488,Center for American Indian Languages,review,"university class, no ipeds or ror",Q3918,,,https://www.cail.utah.edu/
Q5059616,Center for Entrepreneurship and Innovation,review,"university class, no ipeds or ror",Q3918,,,http://www.cei.ufl.edu/
Q5059741,Center for Latin American Studies – University of Pittsburgh,review,"university class, no ipeds or ror",Q3918,,,http://www.ucis.pitt.edu/clas/
Q5059832,Center for Public Leadership,review,"university class, no ipeds or ror",Q3918,,,http://www.hks.harvard.edu/leadership
Q5060008,Center on Contemporary Conflict,review,"university class, no ipeds or ror",Q3918,,,http://www.nps.edu/ccc
Q5069580,Chamberlain University,review,ror but no ipeds,Q3918,Q5244154,,http://www.chamberlain.edu
Q5108950,Christ for the Nations Institute,review,"university class, no ipeds or ror",Q576603,,,http://www.cfni.org/
Q762266,City University of New York,review,ror but no ipeds,Q1075106 Q134016126 Q7900184 Q875538,,,https://cuny.edu
Q5131584,Clemson University Graduate School,review,"university class, no ipeds or ror",Q3918,,,http://www.clemson.edu/graduate/
Q5138386,Coastland University,review,ror but no ipeds,Q3918,,,http://www.ccbcu.edu/
Q19866710,College of Business and Economics,review,"university class, no ipeds or ror",Q3918,,,http://business.wvu.edu/
Q5146750,"College of Liberal Arts and Sciences, Wayne State University",review,"university class, no ipeds or ror",Q3918,,,http://www.clas.wayne.edu
Q16258680,College of the University of Chicago,review,"university class, no ipeds or ror",Q3918,,,https://college.uchicago.edu
Q5146303,CollegeAmerica,review,ror but no ipeds,Q3918,Q5059634,,http://www.collegeamerica.edu/
Q5146919,Colleges@ASU,review,"university class, no ipeds or ror",Q3918,,,http://havasu.asu.edu
Q5149903,Columbia University School of Social Work,review,"university class, no ipeds or ror",Q3918,,,https://socialwork.columbia.edu/
Q5153072,Committee on International Relations,review,"university class, no ipeds or ror",Q3918,,,https://cir.uchicago.edu/
Q5154697,Community Colleges of Spokane,review,ror but no ipeds,Q3918,,,http://www.ccs.spokane.edu/
Q5170030,Cordoba University,review,ror but no ipeds,Q3918,,,http://www1.cordobauniversity.org/?kw=religious+university
Q5171568,Cornell University Graduate School,review,"university class, no ipeds or ror",Q3918,,,http://www.gradschool.cornell.edu/
Q5189334,Crown College,review,"university class, no ipeds or ror",Q3918 Q576603,,,http://www.thecrowncollege.com/
Q5189333,Crown College,review,"university class, no ipeds or ror",Q3918,,,http://www.crowncollege.edu/
Q5014426,CSU–Global Campus,review,"university class, no ipeds or ror",Q3918,,,http://www.csuglobal.edu
Q5014740,CU Online,review,"university class, no ipeds or ror",Q3918,,,http://cuonline.ucdenver.edu/
Q20011419,CUNY School of Public Health,review,ror but no ipeds,Q3918,,,http://www.sph.cuny.edu
Q5592016,Dallas International University,review,ror but no ipeds,Q3918,,,http://www.gial.edu/
Q5216468,Daniel B. Warnell School of Forestry and Natural Resources,review,"university class, no ipeds or ror",Q3918,,,http://www.warnell.uga.edu/
Q5225782,Darul Uloom Al-Madania,review,"university class, no ipeds or ror",Q3918,,,http://www.madania.org
Q5249836,Dedman School of Hospitality,review,"university class, no ipeds or ror",Q3918,,,http://business.fsu.edu/academics/departments/dsh/
Q5251354,Defense Acquisition University,review,ror but no ipeds,Q1522839 Q3918,,,https://www.waru.edu/
Q19867877,Dell Medical School at The University of Texas at Austin,review,"university class, no ipeds or ror",Q3918 Q494230,,,https://www.utexas.edu/dell-medical-school
Q5254668,Delta International University of New Orleans,review,ror but no ipeds,Q3918,,,http://www.delta-university.org/
Q5260438,Department of Physical Education,review,"university class, no ipeds or ror",Q3918,,,http://www.usma.edu/dpe/
Q5266049,Detroit Windsor Dance Academy,review,"university class, no ipeds or ror",Q3918,,,http://www.detroitwindsordance.org/welcome/index.html
Q87487888,DeVry University Decatur Campus,review,"university class, no ipeds or ror",Q3918,,,https://www.devry.edu/about/campus-locations/georgia/decatur.html
Q5268842,Dhammakaya Open University,review,ror but no ipeds,Q3918,,,http://www.dou.us/
Q19840052,Dharma Realm Buddhist University,review,"university class, no ipeds or ror",Q3918,,,https://www.drbu.edu/
Q5275200,Dietrich School of Arts and Sciences,review,"university class, no ipeds or ror",Q3918,,,http://www.as.pitt.edu/
Q5284155,Divine Word Seminary,review,"university class, no ipeds or ror",Q14911880 Q3918,,,http://www.divinewordseminary.blogspot.com/
Q5205849,DOC Film Institute,review,"university class, no ipeds or ror",Q3918,,,http://docfilm.sfsu.edu
Q5287851,Dodge College of Film and Media Arts,review,"university class, no ipeds or ror",Q3918,,,http://chapman.edu/dodge
Q19877933,Doña Ana Community College,review,ror but no ipeds,Q3918,,,http://dabcc.nmsu.edu/
Q16971774,Drake University College of Pharmacy and Health Sciences,review,"university class, no ipeds or ror",Q3918,,,http://drake.edu/cphs/
Q5307349,Drexel University Sacramento,review,"university class, no ipeds or ror",Q3918,,,http://www.drexel.edu/sacramento/
Q5321340,D–Q University,review,"university class, no ipeds or ror",Q3918,,,http://www.d-q-u.org
Q5325076,Eagle Eye Art Academy,review,"university class, no ipeds or ror",Q3918,,,http://www.eagleeyeaa.com/
Q5328029,East Carolina University School of Dental Medicine,review,"university class, no ipeds or ror",Q3918,,,https://dental.ecu.edu
Q5370780,Emerging Pathogens Institute,review,"university class, no ipeds or ror",Q3918,,,http://epi.ufl.edu/
Q108801821,Emil Brunner World University,review,ror but no ipeds,Q3918,,,https://ebwus.com/
Q5407033,Eugene Applebaum College of Pharmacy and Health Sciences,review,ror but no ipeds,Q3918,,,http://www.cphs.wayne.edu
Q5416962,Everest University,review,ror but no ipeds,Q902104,Q5416951,,http://www.everest.edu/
Q5439004,Fayette County Career and Technical Institute,review,"university class, no ipeds or ror",Q1371037,,,http://fayettevo-tech.org/
Q7889478,Finance and Comptroller School,review,"university class, no ipeds or ror",Q917182,Q5449539 Q7557323,,https://www.finance.army.mil/
Q131392019,Florida Bible College of Tampa,review,"university class, no ipeds or ror",Q2385804 Q576603,,,https://floridabiblecollege.us/
Q5461233,Florida Board of Governors,review,"university class, no ipeds or ror",Q3918,,,http://www.flbog.org/
Q128123383,Florida Global University,review,ror but no ipeds,Q902104,,,https://floridaglobal.university/
Q5461458,Florida Institute for Sustainable Energy,review,"university class, no ipeds or ror",Q3918,,,http://fise.institute.ufl.edu/
Q5461460,Florida Institute of Oceanography,review,ror but no ipeds,Q31855 Q3918,,,https://www.fio.usf.edu/
Q133785324,Florida Institute of Technology,review,"university class, no ipeds or ror",Q3918,,,https://www.fit.edu
Q5461633,Florida State University College of Arts and Sciences,review,"university class, no ipeds or ror",Q3918,,,http://artsandsciences.fsu.edu
Q5461636,Florida State University College of Criminology and Criminal Justice,review,"university class, no ipeds or ror",Q3918,,,https://criminology.fsu.edu/
Q5461637,Florida State University College of Education,review,"university class, no ipeds or ror",Q3918,,,http://www.coe.fsu.edu/
Q5461641,"Florida State University College of Motion Picture, Television and Recording Arts",review,"university class, no ipeds or ror",Q3918,,,http://film.fsu.edu
Q5461643,Florida State University College of Nursing,review,"university class, no ipeds or ror",Q3918,,,http://nursing.fsu.edu/
Q5461655,Florida State University School of Library & Information Studies,review,"university class, no ipeds or ror",Q3918,,,http://ischool.cci.fsu.edu/
Q5461631,Florida State University/Asolo Conservatory for Actor Training,review,"university class, no ipeds or ror",Q3918,,,http://www.theatre.fsu.edu/pages/programs/graduate/mfa/acting.shtml
Q5483031,Franciscan University Rugby,review,ror but no ipeds,Q3918,,,
Q5491375,Franklin College of Arts and Sciences,review,"university class, no ipeds or ror",Q3918,,,http://www.franklin.uga.edu
Q5498829,Frederick Taylor University,review,ror but no ipeds,Q3918,,,http://www.ftu.edu
Q4809285,Free Lutheran Bible College and Seminary,review,"university class, no ipeds or ror",Q233324 Q576603,,,https://flbc.edu
Q5506035,Frontier School of the Bible,review,"university class, no ipeds or ror",Q1971849 Q576603,,,http://frontierbible.org
Q54954097,Gemological Science International,review,"university class, no ipeds or ror",Q3918,,,http://www.gsi.net
Q5546575,George Wythe University,review,ror but no ipeds,Q3918,,,http://www.gw.edu
Q5547549,Georgia Institute of Technology College of Architecture,review,"university class, no ipeds or ror",Q3918,,,http://www.design.gatech.edu/
Q5547556,Georgia Institute of Technology College of Sciences,review,"university class, no ipeds or ror",Q3918,,,https://www.cos.gatech.edu/
Q5570171,Global Charity Project,review,"university class, no ipeds or ror",Q3918,,,http://muweb.marymount.edu/~gcharity/
Q116872670,Global University of the Assemblies of God,review,ror but no ipeds,Q108423695 Q132472908 Q163740 Q20820271 Q23002054 Q3354859 Q38723 Q5341295 Q576603 Q902104,Q494890,,https://globaluniversity.edu/
Q5579429,Golden Gate Baptist Theological Seminary,review,ror but no ipeds,Q1743327 Q233324,,,http://www.gs.edu
Q5579826,Golden State Baptist College,review,ror but no ipeds,Q189004 Q576603,,,http://www.gsbc.edu/
Q5580561,Golf Academy of America,review,"university class, no ipeds or ror",Q3918,,,http://www.golfacademy.edu
Q4834231,Golisano College of Computing and Information Sciences,review,"university class, no ipeds or ror",Q3918,,,https://www.rit.edu/computing/
Q1541265,Graduate School of Duke University,review,"university class, no ipeds or ror",Q3918,,,http://www.gradschool.duke.edu/
Q5592045,Graduate School of Social Work at the University of Denver,review,"university class, no ipeds or ror",Q3918,,,http://www.du.edu/socialwork/
Q5593213,Graham School of Continuing Liberal and Professional Studies,review,"university class, no ipeds or ror",Q3918,,,https://graham.uchicago.edu
Q5608974,Griggs University,review,ror but no ipeds,Q1743327 Q3918,,,http://www.griggs.edu/
Q5657053,Hargrave Military Academy,review,"university class, no ipeds or ror",Q209465 Q269770 Q917182,,,http://www.hargrave.edu/
Q14680381,Harrison Middleton University,review,ror but no ipeds,Q3918,,,http://www.hmu.edu/
Q5674732,Hartland Institute,review,"university class, no ipeds or ror",Q1530022 Q1743327 Q5341295,,,http://www.hartland.edu/
Q5676565,Harvard School of Dental Medicine,review,"university class, no ipeds or ror",Q3918,Q49121,,https://hsdm.harvard.edu/
Q3299013,Hayfield University,review,ror but no ipeds,Q3918,,,https://www.hayfieldun.org/
Q14708434,Heartland Baptist Bible College,review,ror but no ipeds,Q189004 Q576603,,,http://www.heartlandbaptist.edu/
Q5707141,Hellenic American University,review,ror but no ipeds,Q3918,,,http://hauniv.edu/
Q5714562,Henley-Putnam University,review,ror but no ipeds,Q3918 Q45400320,,,http://www.henley-putnam.edu
Q5738412,Herguan University,review,ror but no ipeds,Q3918,,,
Q5745193,Herzing University,review,ror but no ipeds,Q3918,,,http://www.herzing.edu
Q16191401,History of Fenn College,review,"university class, no ipeds or ror",Q3918,,,http://www.clevelandmemory.org/fenn/index.html
Q11337975,Honolulu University,review,ror but no ipeds,Q2385804 Q3918,,,http://www.honolulu-university.edu/
Q22080849,Human Resources University,review,"university class, no ipeds or ror",Q3918,Q7890847,,https://www.hru.gov/
Q5951068,Hutton Honors College,review,"university class, no ipeds or ror",Q3918,,,http://www.indiana.edu/~iubhonor/
Q12858525,Hyles–Anderson College,review,"university class, no ipeds or ror",Q3918 Q576603,,,http://www.hylesanderson.edu/
Q1653099,IBM Almaden Research Center,review,ror but no ipeds,Q31855 Q3918,,,http://www.research.ibm.com/labs/almaden
Q6004519,Immaculate Heart of Mary Seminary,review,"university class, no ipeds or ror",Q14911880,,,http://www.ihmseminary.org/
Q6023106,Indiana Christian University,review,ror but no ipeds,Q3918 Q576603 Q867738,,,
Q6023671,Indiana University Columbus,review,ror but no ipeds,Q23002039 Q3918 Q811430,Q6608367,,https://columbus.iu.edu/
Q55593285,Indiana University Fort Wayne,review,ror but no ipeds,Q23002039 Q3918,Q6608367,,http://www.iufw.edu
Q6030788,Information Resources Management College,review,"university class, no ipeds or ror",Q3918,,,http://icollege.ndu.edu
Q6039298,Institute for Economic Competitiveness,review,"university class, no ipeds or ror",Q3918,,,http://www.iec.ucf.edu/
Q16969547,Institute of Food and Agricultural Sciences,review,ror but no ipeds,Q30234158 Q3918,,,http://www.ifas.ufl.edu/
Q6043809,IntelliTec College,review,"university class, no ipeds or ror",Q3918,,,http://www.intelliteccollege.edu
Q6044550,Inter-American Defense College,review,"university class, no ipeds or ror",Q189004 Q917182,,,http://iadc.edu/
Q4570802,Interamerican University of Puerto Rico,review,ror but no ipeds,Q3918,,,http://www.inter.edu
Q6045482,Interamerican University Studies Institute,review,"university class, no ipeds or ror",Q3918,,,http://www.iusi.org/
Q64495117,International Education Corporation,review,"university class, no ipeds or ror",Q3918,,,https://www.ieccolleges.com/
Q6051731,International Leadership Institute,review,"university class, no ipeds or ror",Q163740 Q3918,,,http://www.ili.edu.et
Q16973165,International Residential College,review,"university class, no ipeds or ror",Q3918,,,http://www.virginia.edu/irc/
Q6054166,International University of Professional Studies,review,ror but no ipeds,Q3918,,,https://www.iups.edu/
Q14685970,International Vedic Hindu University,review,ror but no ipeds,Q3918,,,
Q17098356,Investors United,review,"university class, no ipeds or ror",Q3918,,,http://www.investorsunited.com/
Q6064651,Iowa State University College of Business,review,"university class, no ipeds or ror",Q3918,,,http://www.business.iastate.edu/
Q6064654,Iowa State University College of Health and Human Sciences,review,"university class, no ipeds or ror",Q3918,,,http://www.hs.iastate.edu/
Q126315157,Islamic University of Minnesota,review,ror but no ipeds,Q3918,,,https://site.ium.edu.so/
Q16997461,Ithaca College School of Humanities and Sciences,review,"university class, no ipeds or ror",Q3918,,,http://www.ithaca.edu/hs/index.php
Q6099823,Ivy Council,review,"university class, no ipeds or ror",Q3918,,,http://www.ivycouncil.org
Q6106431,J. M. Tull School of Accounting,review,"university class, no ipeds or ror",Q3918,Q7704235,,http://www.terry.uga.edu/academics/offices/accounting
Q16849215,Jackson School of Geosciences,review,"university class, no ipeds or ror",Q31855 Q3918,,,http://www.jsg.utexas.edu/
Q16973377,Jepson School of Leadership Studies,review,"university class, no ipeds or ror",Q3918,,,http://jepson.richmond.edu/
Q648730,John F. Kennedy Special Warfare Center and School,review,"university class, no ipeds or ror",Q917182,Q1342591 Q9212,,https://www.swcs.mil/
Q16997815,John Hancock University,review,ror but no ipeds,Q3918,,,
Q6252225,John Paul II Institute,review,"university class, no ipeds or ror",Q3918,,,http://www.johnpaulii.edu
Q1798494,"Johnson & Wales University, Providence",review,ror but no ipeds,Q3918,,,https://www.jwu.edu/
Q642216,Joint Special Operations University,review,ror but no ipeds,Q3918,,,https://www.jsou.edu
Q16998020,JW Bible College,review,"university class, no ipeds or ror",Q3918 Q576603,,,http://www.jwbc.usfacil.com/
Q6364702,Kansas Christian College,review,"university class, no ipeds or ror",Q1743327 Q233324 Q576603,,,http://kansaschristian.edu
Q6368020,Karaite Jewish University,review,ror but no ipeds,Q3918,,,
Q6385860,Kellogg School of Science and Technology,review,"university class, no ipeds or ror",Q3918,,,http://education.scripps.edu/
Q6413629,Kingston University LA,review,ror but no ipeds,Q3918,,,http://www.kingston-edu.org
Q6415686,Kirkhof College of Nursing,review,"university class, no ipeds or ror",Q3918,,,http://www.gvsu.edu/kcon
Q6436791,Kresge Hearing Research Institute,review,"university class, no ipeds or ror",Q3918,,,http://www.khri.med.umich.edu/
Q689475,Laureate Education,review,ror but no ipeds,Q10829188 Q45400320 Q57285129 Q891723,,,https://www.laureate.net/
Q6505047,Lawton Chiles Legal Information Center,review,"university class, no ipeds or ror",Q3918,,,http://www.law.ufl.edu/lic/
Q64221002,Liechtenstein Institute on Self-Determination,review,"university class, no ipeds or ror",Q3918,,,https://lisd.princeton.edu
Q6550684,Lincoln Group of Schools,review,"university class, no ipeds or ror",Q3918 Q891723,,,http://www.lincolnedu.com/
Q28060710,Logos University (International),review,"university class, no ipeds or ror",Q3918,,,http://www.logos-university.org
Q6671399,Lone Star College–CyFair,review,"university class, no ipeds or ror",Q3918,,,http://cyfair.lonestar.edu
Q17018727,Lone Star College–North Harris,review,ror but no ipeds,Q3918,Q4117087,,http://northharris.lonestar.edu
Q6671405,Lone Star College–Tomball,review,ror but no ipeds,Q3918,Q4117087,,http://lonestar.edu/tomball
Q6689074,Louisiana Baptist University,review,ror but no ipeds,Q3918,,,http://www.lbu.edu/
Q6689268,Louisiana Scholars' College,review,"university class, no ipeds or ror",Q3918,,,http://scholars.nsula.edu/
Q6689301,Louisiana State University Agricultural Center,review,ror but no ipeds,Q31855 Q3918,Q1872233,,http://www.lsuagcenter.com/
Q6689303,Louisiana State University Business Education Complex,review,"university class, no ipeds or ror",Q3918,,,http://business.lsu.edu/Business-Education-Complex
Q6689307,Louisiana State University School of Dentistry,review,"university class, no ipeds or ror",Q3918,,,http://www.lsusd.lsuhsc.edu/
Q16973761,Louisiana Tech University College of Engineering and Science,review,"university class, no ipeds or ror",Q3918,,,http://www.latech.edu/coes/
Q6728211,Madison University,review,"university class, no ipeds or ror",Q3918,,,https://wayback.archive.org/web/*/http://www.madisonu.org/
Q10946755,Maestro University,review,ror but no ipeds,Q3918,,,https://maestro.org/
Q6731865,Magnolia Bible College,review,"university class, no ipeds or ror",Q3918 Q576603,,,http://www.magnolia.edu/
Q6737206,Maitripa College,review,"university class, no ipeds or ror",Q3918,,,https://maitripa.org/
Q6764126,Marine Corps University,review,ror but no ipeds,Q137222271 Q1522839 Q3918,Q124160883,,https://www.usmcu.edu
Q16950679,Markkula Center for Applied Ethics,review,"university class, no ipeds or ror",Q3918,,,http://www.scu.edu/ethics
Q6781278,Maryland Bible College & Seminary,review,"university class, no ipeds or ror",Q2385804 Q576603,,,http://www.mbcs.edu/
Q6800709,McCrone Research Institute,review,ror but no ipeds,Q31855 Q3918,,,http://www.mcri.org
Q6801916,McKinley College,review,"university class, no ipeds or ror",Q3918,,,http://www.mckinleycollege.edu
Q796632,Medical University of the Americas – Nevis,review,ror but no ipeds,Q3918,Q24911819,,http://www.mua.edu/
Q6809244,Meharry Medical College School of Dentistry,review,"university class, no ipeds or ror",Q3918 Q5259432,,,http://www.mmc.edu/education/dentistry/
Q6818313,Mercer University Health Sciences Center,review,ror but no ipeds,Q3918,,,https://hsc.mercer.edu/
Q6825248,Metropolitan School of Professional Studies,review,"university class, no ipeds or ror",Q3918,,,https://metro.catholic.edu/
Q6827245,Miami-Jacobs Career College,review,"university class, no ipeds or ror",Q3918,,,http://www.miamijacobs.edu
Q14708598,Midwest Christian College,review,"university class, no ipeds or ror",Q1971849 Q576603,,,http://www.midwestchristiancollege.net/
Q17010136,Midwestern Baptist College,review,ror but no ipeds,Q3918 Q576603,,,http://www.midwesternbaptistcollege.net
Q6868350,Minnesota Life College,review,"university class, no ipeds or ror",Q3918,,,http://www.minnesotalifecollege.org/
Q115516550,Minnesota North College,review,"university class, no ipeds or ror",Q3918,,,https://minnesotanorth.edu/
Q17022142,Minnesota State University Student Association,review,ror but no ipeds,Q3918,,,http://www.msusa.org/
Q6921958,Mount Madonna Institute,review,"university class, no ipeds or ror",Q3918,,,https://www.mountmadonnainstitute.org/
Q115792916,MUST University,review,"university class, no ipeds or ror",Q3918,,,https://mustedu.com/
Q6970223,National Agricultural Law Center,review,"university class, no ipeds or ror",Q31855 Q3918,,,http://www.nationalaglawcenter.org
Q57593010,National Center for Credibility Assessment,review,"university class, no ipeds or ror",Q23002039 Q29918961 Q327333 Q917182,Q11209,,http://www.daca.mil
Q6971322,National Center for Earth-surface Dynamics,review,"university class, no ipeds or ror",Q3918,,,http://www.nced.umn.edu
Q6971600,National College of Business & Technology,review,ror but no ipeds,Q3918,,,http://www.national-college.edu/
Q1967074,National Defense University,review,ror but no ipeds,Q130382582 Q1522839,,,https://www.ndu.edu/
Q6973819,National Intelligence University,review,ror but no ipeds,Q917182,Q612276,,https://ni-u.edu/
Q18379542,National Michael Chekhov Association,review,"university class, no ipeds or ror",Q3918,,,http://www.chekhov.net/
Q6979854,NationsUniversity,review,ror but no ipeds,Q3918,,,
Q6979932,Native American Bible College,review,ror but no ipeds,Q189004 Q576603,,,http://www.nativeamericanbiblecollege.org/
Q4551367,Naval Justice School,review,"university class, no ipeds or ror",Q3918,,,http://www.jag.navy.mil/njs.htm
Q16932529,Naval Nuclear Power Training Command,review,"university class, no ipeds or ror",Q3918,,,https://www.netc.navy.mil/nnptc/
Q575662,Naval War College,review,ror but no ipeds,Q137222271 Q1522839 Q1898357 Q209465,Q124160883,,http://www.usnwc.edu
Q7006629,New College of Interdisciplinary Arts and Sciences,review,"university class, no ipeds or ror",Q3918,,,http://newcollege.asu.edu
Q7006604,"New College, Teachers College, Columbia University",review,"university class, no ipeds or ror",Q3918,,,http://www.tc.columbia.edu/
Q14715312,New England Bible College,review,ror but no ipeds,Q189004 Q576603,,,http://nebc.edu/
Q7007370,New England School of Art and Design,review,"university class, no ipeds or ror",Q3918,,,http://www2.suffolk.edu/nesad/
Q7013764,New York Military Academy,review,"university class, no ipeds or ror",Q917182,,,https://www.nyma.org/
Q7017636,Newcomb–Tulane College,review,"university class, no ipeds or ror",Q3918,,,https://college.tulane.edu
Q890928,Newport University,review,ror but no ipeds,Q3918,,,http://www.janus.academy/home
Q127428937,Nexford University,review,ror but no ipeds,Q3918,,,https://www.nexford.edu/about
Q16980344,Nicholas School of the Environment,review,"university class, no ipeds or ror",Q3918,,,http://www.nicholas.duke.edu
Q17038972,NJIT School of Management,review,"university class, no ipeds or ror",Q3918,,,http://management.njit.edu/
Q98098841,Noorda College of Osteopathic Medicine,review,ror but no ipeds,Q3918,,,
Q18639994,Northeast Institute of Biblical and Theological Studies,review,"university class, no ipeds or ror",Q3918,,,http://nibts.com
Q7058069,Northeastern University School of Pharmacy,review,"university class, no ipeds or ror",Q3918,,,http://www.northeastern.edu/bouve/pharmacy
Q120986379,Northwest Technical Institute,review,"university class, no ipeds or ror",Q1371037,,,https://nwti.edu/
Q7064925,Novitiate and College of Humanities of the Legionaries of Christ,review,"university class, no ipeds or ror",Q123571897 Q14911880,,,http://www.lccollege.org
Q6979215,NUC University,review,ror but no ipeds,Q3918,,,https://university.nuc.edu/
Q2008548,Oaksterdam University,review,ror but no ipeds,Q3918 Q4830453,,,http://www.oaksterdamuniversity.com/
Q1027657,Oikos University,review,ror but no ipeds,Q3918,,,http://www.oikosuniversity.org/
Q136348641,Okaloosa Technical College,review,"university class, no ipeds or ror",Q1371037,,,https://www.otcollege.net/
Q7082374,Oklahoma State System of Higher Education,review,"university class, no ipeds or ror",Q3918,,,http://www.okhighered.org/
Q7082390,Oklahoma State University–Tulsa,review,ror but no ipeds,Q3918,Q2017355,,https://www.osu-tulsa.okstate.edu/
Q7094495,Onondaga School of Therapeutic Massage,review,"university class, no ipeds or ror",Q3918,,,http://www.ostm.edu
Q22024375,"Oregon Institute of Technology, Wilsonville",review,"university class, no ipeds or ror",Q3918,,,https://www.oit.edu/portland-metro
Q7110827,Our Lady of Guadalupe Seminary,review,"university class, no ipeds or ror",Q14911880,,,http://www.fsspolgs.org/
Q16896306,Oval Bible College,review,"university class, no ipeds or ror",Q4671277 Q576603 Q94670589,,,http://www.ovalbiblecollege.com/
Q7122755,Pacific University Health Professions Campus,review,ror but no ipeds,Q3918,,,http://www.pacificu.edu/hpc/info.cfm
Q7118136,PALM Center,review,"university class, no ipeds or ror",Q3918,,,http://www.palmcenter.fsu.edu/
Q16972578,"Pamplin College of Arts, Humanities, and Social Sciences",review,"university class, no ipeds or ror",Q3918,,,http://www.gru.edu/colleges/pamplin/
Q7145255,Patriarch Athenagoras Orthodox Institute,review,ror but no ipeds,Q3918,,,https://dev.orthodoxinstitute.org
Q7148000,Patriot Bible University,review,ror but no ipeds,Q3918 Q576603 Q7882213,,,
Q7163484,Pennoni Honors College,review,"university class, no ipeds or ror",Q3918,,,http://www.drexel.edu/pennoni
Q17514270,Pennsylvania State University School of Hospitality Management,review,"university class, no ipeds or ror",Q3918,,,http://www.hhdev.psu.edu/shm
Q109297499,Pennsylvania Western University,review,ror but no ipeds,Q3918,Q3304232,,https://www.pennwest.edu
Q3308581,Pensacola Christian College,review,ror but no ipeds,Q1743327 Q189004,,,https://www.pcci.edu/
Q7179790,Pfeiffer University at Charlotte,review,ror but no ipeds,Q209465 Q3918,,,
Q7191542,Piedmont University,review,ror but no ipeds,Q3918,,,http://piedmontuniversity.ac
Q7231879,Portland Bible College,review,"university class, no ipeds or ror",Q4671277 Q576603,,,http://www.portlandbiblecollege.org/
Q7240294,Premier Flight Academy,review,"university class, no ipeds or ror",Q3918,,,http://www.premierflightacademy.com/
Q7241259,President of Bucknell University,review,"university class, no ipeds or ror",Q3918,,,http://www.bucknell.edu/
Q7241503,Presidents Leadership Class,review,"university class, no ipeds or ror",Q3918,,,http://www.presidentsleadershipclass.org
Q7242005,Preston University,review,ror but no ipeds,Q3918,,,http://www.preston.edu/
Q7260986,Purdue University College of Agriculture,review,"university class, no ipeds or ror",Q3918,,,http://www.ag.purdue.edu/
Q7260992,"Purdue University College of Pharmacy, Nursing, and Health Sciences",review,"university class, no ipeds or ror",Q3918,,,http://www.pnhs.purdue.edu/
Q55456518,Purdue University Fort Wayne,review,ror but no ipeds,Q23002039 Q3918,Q929715,,https://www.pfw.edu
Q7271936,Quigley South,review,"university class, no ipeds or ror",Q14911880,,,http://www.quigley.org/
Q7288359,Ralston College,review,"university class, no ipeds or ror",Q3918,,,http://www.ralston.ac/
Q7291321,Rancho Santiago Community College District,review,ror but no ipeds,Q1336920 Q3918 Q5154933,Q2460112,,http://www.rsccd.edu/
Q7295135,Rasmussen University,review,ror but no ipeds,Q3918,,,http://www.rasmussen.edu
Q7300152,Rea and Lillian Steele North Campus,review,"university class, no ipeds or ror",Q3918,,,http://www.valdosta.edu/vsu/about/northcampus.shtml
Q7311825,Remington College,review,ror but no ipeds,Q3918,,,http://remingtoncollege.edu
Q17027638,Remote Sensing Center,review,"university class, no ipeds or ror",Q3918,,,http://www.nps.edu/rsc
Q7315460,Residential College in Arts and Humanities,review,"university class, no ipeds or ror",Q3918,,,http://rcah.msu.edu/
Q7335207,Rio Grande Bible Institute,review,ror but no ipeds,Q1664720 Q576603,,,http://riogrande.edu/en
Q7343902,Robert E. Webber Institute for Worship Studies,review,ror but no ipeds,Q1743327 Q20820271,,,http://www.iws.edu/
Q7347147,Robert M. La Follette School of Public Affairs,review,"university class, no ipeds or ror",Q3918,,,http://www.lafollette.wisc.edu/
Q7349513,Robert S. Strauss Center for International Security and Law,review,"university class, no ipeds or ror",Q31855 Q3918,,,http://www.strausscenter.org
Q7351918,Roberto Sánchez Vilella School of Public Administration,review,"university class, no ipeds or ror",Q3918,,,http://egap.uprrp.edu
Q96402313,Rochester Christian University,review,"university class, no ipeds or ror",Q3918,,,https://rcu.edu/
Q16980474,Rutgers Biomedical and Health Sciences,review,ror but no ipeds,Q3918 Q4287745,,,https://rutgershealth.org
Q7382789,Rutgers Formula Racing,review,"university class, no ipeds or ror",Q3918,,,http://rfr.rutgers.edu
Q499451,Rutgers University,review,ror but no ipeds,Q1188663 Q21032617 Q615150 Q62078547,,,https://www.rutgers.edu/
Q16980480,"Rutgers University Department of African, Middle Eastern, and South Asian Languages and Literatures",review,"university class, no ipeds or ror",Q3918,,,http://www.amesall.rutgers.edu/
Q7383359,Rutherford University,review,"university class, no ipeds or ror",Q3918,,,http://rutherford.edu/
Q7587994,Saint Francis de Sales Seminary,review,ror but no ipeds,Q14911880 Q43229,,,http://www.sfs.edu/
Q7401474,Saint John Vianney Theological Seminary,review,"university class, no ipeds or ror",Q14911880,,,http://www.sjvdenver.edu
Q7401553,Saint Joseph College Seminary,review,"university class, no ipeds or ror",Q14911880,,,http://cometojoseph.com/
Q7401863,Saint Mary Seminary and Graduate School of Theology,review,"university class, no ipeds or ror",Q14911880,,,http://www.stmarysem.edu/
Q7401991,Saint Patrick's Seminary and University,review,ror but no ipeds,Q14911880,,,https://www.stpsu.edu/
Q7402047,Saint Paul School,review,"university class, no ipeds or ror",Q3918,,,http://www.spsonline.org
Q7402051,Saint Paul Seminary,review,"university class, no ipeds or ror",Q14911880,,,http://www.diopitt.org/seminary
Q7402218,Saint Theresa's College of Cebu City,review,"university class, no ipeds or ror",Q3918,,,https://www.stccebu.edu.ph/
Q1363825,Saint Vincent Archabbey,review,"university class, no ipeds or ror",Q14911880 Q160742,,,http://www.saintvincentarchabbey.org/
Q7413621,San Diego Community College District,review,ror but no ipeds,Q3918,,,http://www.sdccd.edu/index.shtml
Q7413622,San Diego Continuing Education,review,"university class, no ipeds or ror",Q3918,Q2460112,,http://www.sdce.edu/
Q7413793,San Elijo College,review,"university class, no ipeds or ror",Q3918,,,http://www.sanelijocollege.org/
Q48977271,Sattler College,review,"university class, no ipeds or ror",Q1743327 Q189004,,,https://www.sattlercollege.org
Q7427886,Savannah State University College of Liberal Arts and Social Sciences,review,"university class, no ipeds or ror",Q3918,,,http://www.savannahstate.edu/class/
Q7427888,Savannah State University Office of Graduate Studies and Sponsored Research,review,"university class, no ipeds or ror",Q3918,,,http://www.savstate.edu/orsp/default.htm
Q7432347,School for Creative and Performing Arts,review,"university class, no ipeds or ror",Q1080794 Q3918,,,https://scpa.cps-k12.org/
Q7432397,School of Business at Clayton State University,review,"university class, no ipeds or ror",Q3918,,,http://business.clayton.edu
Q55263895,School of Nursing at The Catholic University of America,review,"university class, no ipeds or ror",Q3918,,,https://nursing.catholic.edu/
Q7389485,SDSU Research Foundation,review,"university class, no ipeds or ror",Q3918,,,http://www.foundation.sdsu.edu
Q7402052,Seminaries of Saint Paul,review,"university class, no ipeds or ror",Q14911880,,,http://www.stthomas.edu/spssod/
Q7488697,Shankar Mahadevan Academy,review,"university class, no ipeds or ror",Q3918,,,http://www.shankarmahadevanacademy.com/
Q104787274,Sharon Mennonite Bible Institute,review,"university class, no ipeds or ror",Q370258 Q576603,,,https://smbi.org/
Q16980880,"Shorenstein Center on Media, Politics and Public Policy",review,"university class, no ipeds or ror",Q3918 Q483242 Q7315155,Q49127,,http://ShorensteinCenter.org
Q17061184,Si Tanka University,review,"university class, no ipeds or ror",Q3918,,,http://sitanka.us
Q17035013,SIT Study Abroad,review,"university class, no ipeds or ror",Q3918,,,http://studyabroad.sit.edu/
Q7545098,Smith College School for Social Work,review,"university class, no ipeds or ror",Q3918,,,http://www.smith.edu/ssw
Q7738470,SMU Guildhall,review,"university class, no ipeds or ror",Q3918,,,http://guildhall.smu.edu/
Q16981030,Social Science Research Laboratory,review,"university class, no ipeds or ror",Q3918,,,http://ssrl.sdsu.edu
Q7562986,Sophie Davis School of Biomedical Education,review,"university class, no ipeds or ror",Q3918,,,http://med.cuny.edu/
Q7566977,South Dakota Public Universities and Research Center,review,ror but no ipeds,Q3918,,,
Q7569748,Southern Careers Institute,review,"university class, no ipeds or ror",Q3918,,,http://www.scitexas.edu
Q23058919,Southwest University,review,"university class, no ipeds or ror",Q3918,,,http://www.southwest.edu
Q7392950,SS. Cyril and Methodius Seminary,review,ror but no ipeds,Q14911880 Q43229,,,
Q7588932,St. John Vianney Seminary,review,"university class, no ipeds or ror",Q14911880 Q3918,,,http://www.vianney.net/
Q97400492,St. Mary's College,review,"university class, no ipeds or ror",Q118868153 Q1377182 Q233324 Q43229,,,https://college.smac.edu/en
Q2356394,St. Meinrad Archabbey,review,"university class, no ipeds or ror",Q14911880 Q160742,,,https://www.saintmeinrad.org/
Q111466869,St. Thomas Aquinas Seminary,review,"university class, no ipeds or ror",Q14911880,,,https://www.stas.org/en
Q7591992,St. Thomas Seminary,review,"university class, no ipeds or ror",Q14911880,,,http://www.stseminary.org/
Q1140241,State University of New York,review,ror but no ipeds,Q1075106 Q134016126 Q875538,,,https://www.suny.edu/
Q7619527,Stony Brook University School of Medicine,review,"university class, no ipeds or ror",Q3918 Q494230,,,http://www.stonybrookmedicalcenter.org/som/
Q7622587,Strayer University,review,ror but no ipeds,Q2385804 Q3918 Q891723,,,https://www.strayer.edu/
Q19881987,SUNY Downstate College of Medicine,review,"university class, no ipeds or ror",Q3918,,,http://www.downstate.edu
Q16985202,SVA MFA Design Criticism,review,"university class, no ipeds or ror",Q3918,,,http://www.dcrit.sva.edu
Q7673028,Tabernacle Baptist College,review,"university class, no ipeds or ror",Q1971849 Q576603,,,http://tbc.sc/college
Q16981743,Tejas Club,review,"university class, no ipeds or ror",Q3918,,,http://tejasclub.org/
Q7698693,Temple University School of Podiatric Medicine,review,"university class, no ipeds or ror",Q3918,,,http://podiatry.temple.edu/
Q7700022,Tennessee Bible College,review,"university class, no ipeds or ror",Q1971849 Q576603,,,http://www.tn-biblecollege.edu
Q7700089,Tennessee Higher Education Commission,review,ror but no ipeds,Q3918,,,https://www.tn.gov/thec
Q7708096,Texas State University Round Rock Campus,review,"university class, no ipeds or ror",Q3918,Q623581,,http://www.txstate.edu/
Q7708134,Texas Tech University Center at Junction,review,"university class, no ipeds or ror",Q3918,,,https://www.depts.ttu.edu/junction/
Q16198556,Texas Tech University College of Agricultural Sciences & Natural Resources,review,"university class, no ipeds or ror",Q3918,,,http://www.casnr.ttu.edu/
Q7708136,Texas Tech University College of Architecture,review,"university class, no ipeds or ror",Q3918,,,http://www.arch.ttu.edu
Q606026,Texas Tech University College of Arts & Sciences,review,"university class, no ipeds or ror",Q3918,,,http://www.as.ttu.edu/
Q7708138,Texas Tech University College of Education,review,"university class, no ipeds or ror",Q3918,,,http://www.educ.ttu.edu/
Q7708139,Texas Tech University College of Human Sciences,review,"university class, no ipeds or ror",Q3918,,,http://www.hs.ttu.edu/
Q16962549,Texas Tech University College of Media & Communication,review,"university class, no ipeds or ror",Q3918,,,http://www.depts.ttu.edu/masscom/
Q7708144,Texas Tech University Graduate School,review,"university class, no ipeds or ror",Q3918,,,http://www.depts.ttu.edu/gradschool/
Q7722310,The Chef's Academy,review,"university class, no ipeds or ror",Q3918,,,http://Harrison.edu
Q18389767,The Government Affairs Institute,review,"university class, no ipeds or ror",Q3918,,,http://gai.georgetown.edu
Q7738287,The Grief Recovery Institute,review,"university class, no ipeds or ror",Q163740 Q3918,,,http://www.griefrecoverymethod.com/
Q7754770,The Ohio State University College of Dentistry,review,"university class, no ipeds or ror",Q3918,,,http://dentistry.osu.edu/
Q7765825,The Sphere College Project,review,"university class, no ipeds or ror",Q3918,,,http://www.spherecollege.org/
Q7777451,Theatre Strike Force,review,"university class, no ipeds or ror",Q3918,,,http://www.theatrestrikeforce.com
Q7782221,Theological College,review,"university class, no ipeds or ror",Q118832485 Q14911880,,,http://theologicalcollege.org/
Q7825562,Torchbearers International,review,"university class, no ipeds or ror",Q576603 Q94670589,,,http://www.torchbearers.org/
Q7839779,Tri-Valley University,review,"university class, no ipeds or ror",Q3918,,,http://www.trivalleyuniversity.org
Q7840380,Tribeca Flashpoint Media Arts Academy,review,"university class, no ipeds or ror",Q3918,,,http://www.tribecaflashpoint.edu/
Q5971429,Trinity Evangelical Divinity School,review,ror but no ipeds,Q3918,,,https://teds.edu
Q16901997,Trinity School of Medicine,review,ror but no ipeds,Q3918 Q494230,,,http://www.trinityschoolofmedicine.org/
Q7851546,Tufts University School of Dental Medicine,review,"university class, no ipeds or ror",Q3918,,,http://dental.tufts.edu/
Q7851941,Tulane University School of Architecture and Built Environment,review,"university class, no ipeds or ror",Q3918,,,http://www.tulane.edu/~tsahome
Q16958400,Tulane University School of Science and Engineering,review,"university class, no ipeds or ror",Q3918,,,https://sse.tulane.edu
Q7851950,Tulane University School of Social Work,review,"university class, no ipeds or ror",Q3918,,,https://sse.tulane.edu
Q7863104,U.S. Career Institute,review,"university class, no ipeds or ror",Q3918,,,http://www.uscareerinstitute.edu/
Q7863743,UAMS Northwest,review,"university class, no ipeds or ror",Q3918,,,http://www.uams.edu/nw/default.asp
Q7864149,UC Berkeley – UCSF Joint Medical Program,review,"university class, no ipeds or ror",Q3918,,,http://jmp.berkeley.edu/
Q7864043,UCLA School of Public Affairs,review,"university class, no ipeds or ror",Q180958 Q3918,,,http://publicaffairs.ucla.edu/
Q7864697,UIC College of Pharmacy,review,"university class, no ipeds or ror",Q3918,,,http://www.uic.edu/pharmacy/index.php
Q7865096,UMDNJ – School of Osteopathic Medicine,review,"university class, no ipeds or ror",Q3918 Q494230,,,http://www.rowan.edu/som/
Q4114428,Uniformed Services University of the Health Sciences,review,ror but no ipeds,Q3918 Q494230,,,https://www.usuhs.edu/
Q7889204,United States Air Force Academy Preparatory School,review,"university class, no ipeds or ror",Q428602 Q917182,,,https://www.usafa.edu/prep-school/
Q4451227,United States Army Armor School,review,"university class, no ipeds or ror",Q917182,Q56809267,,https://www.benning.army.mil/armor/
Q7889477,United States Army Field Artillery School,review,"university class, no ipeds or ror",Q917182,,,https://sill-www.army.mil/USAFAS/
Q7889491,United States Army Medical Department Center and School,review,ror but no ipeds,Q917182,,,http://www.armymedicine.army.mil/
Q4501975,United States Army Sniper School,review,"university class, no ipeds or ror",Q1935049 Q3918,,,https://www.benning.army.mil/197th/courses/sniper/index.htm
Q7890748,United States Military Academy Preparatory School,review,"university class, no ipeds or ror",Q917182,,,http://www.usma.edu/USMAPS/index.htm
Q7894350,Universidad del Turabo,review,ror but no ipeds,Q3918,,,http://ut.suagm.edu
Q12008499,Universidad Metropolitana,review,"university class, no ipeds or ror",Q3918,,,http://umet.suagm.edu/
Q7894543,University Center Rochester,review,"university class, no ipeds or ror",Q3918,,,http://www.roch.edu/
Q7894639,University College at Rockland,review,ror but no ipeds,Q3918,Q2495861,,https://learn.maine.edu/rockland/
Q7895057,University of Arizona College of Pharmacy,review,"university class, no ipeds or ror",Q3918,,,http://www.pharmacy.arizona.edu
Q7895087,University of Arkansas at Monticello School of Mathematical and Natural Sciences,review,"university class, no ipeds or ror",Q3918,,,http://www.uamont.edu/Math_and_Sciences/
Q109539822,University of Austin,review,"university class, no ipeds or ror",Q23002054 Q3918,,,https://www.uaustin.org
Q7895107,University of Baltimore Center for International and Comparative Law,review,"university class, no ipeds or ror",Q3918,,,http://law.ubalt.edu/centers/cicl/
Q184478,University of California,review,ror but no ipeds,Q1075106 Q615150,Q5589189,,https://universityofcalifornia.edu
Q7895186,University of California Santa Cruz Silicon Valley Initiatives,review,"university class, no ipeds or ror",Q3918,,,http://svi.ucsc.edu/
Q7895264,University of Chicago School of Social Service Administration,review,"university class, no ipeds or ror",Q3918,,,http://ssa.uchicago.edu
Q6802350,University of Cincinnati College of Arts and Sciences,review,"university class, no ipeds or ror",Q3918,,,http://www.artsci.uc.edu
Q7895271,University of Cincinnati College of Education Criminal Justice and Human Services,review,"university class, no ipeds or ror",Q3918,,,http://www.cech.uc.edu
Q7895272,University of Cincinnati College of Engineering and Applied Science,review,"university class, no ipeds or ror",Q3918,,,http://www.ceas.uc.edu/
Q7895274,University of Cincinnati Department of Chemistry,review,"university class, no ipeds or ror",Q3918,,,http://www.che.uc.edu
Q1206658,University of Colorado,review,ror but no ipeds,Q3918,,,https://www.cu.edu/
Q7895388,University of Fairfax,review,ror but no ipeds,Q3918 Q4830453,,,http://www.ufairfax.net/
Q7895392,University of Florida Alumni Association,review,"university class, no ipeds or ror",Q163740 Q3918,,,http://www.ufalumni.ufl.edu/
Q7895394,University of Florida Athletic Association,review,"university class, no ipeds or ror",Q3918,,,http://www.uaa.ufl.edu/
Q7895399,University of Florida Cancer and Genetics Research Complex,review,"university class, no ipeds or ror",Q31855 Q3918,,,http://www.ufgi.ufl.edu/
Q7895400,University of Florida Center for African Studies,review,"university class, no ipeds or ror",Q3918,,,http://www.latam.ufl.edu/
Q7895401,University of Florida Center for Latin American Studies,review,"university class, no ipeds or ror",Q3918,,,http://www.latam.ufl.edu/
Q7895430,University of Florida clinical toxicology distance education program,review,"university class, no ipeds or ror",Q3918,,,http://clintox.cop.ufl.edu/
Q7895419,University of Florida Division of Continuing Education,review,"university class, no ipeds or ror",Q3918,,,http://www.dce.ufl.edu/
Q7895431,University of Florida forensic science distance education program,review,"university class, no ipeds or ror",Q3918,,,http://www.forensicscience.ufl.edu/
Q7895423,"University of Florida Leadership & Education Foundation, Inc.",review,"university class, no ipeds or ror",Q3918,,,http://conference.ifas.ufl.edu/index.html
Q7895434,University of Florida pharmaceutical chemistry distance education program,review,"university class, no ipeds or ror",Q3918,,,http://pharmchem.cop.ufl.edu/
Q7895429,University of Florida Southwest Recreation Center,review,"university class, no ipeds or ror",Q3918,,,http://www.recsports.ufl.edu/facility_swrc.aspx
Q7895433,University of Florida student housing,review,"university class, no ipeds or ror",Q3918,,,http://www.housing.ufl.edu/housing/
Q7895449,University of Georgia College of Environment & Design,review,"university class, no ipeds or ror",Q3918,,,http://www.ced.uga.edu/
Q7895452,University of Georgia College of Public Health,review,"university class, no ipeds or ror",Q3918 Q69964246,,,http://www.publichealth.uga.edu/
Q7895454,University of Georgia Graduate School,review,"university class, no ipeds or ror",Q3918,,,http://grad.uga.edu/
Q7895458,University of Georgia School of Public and International Affairs,review,"university class, no ipeds or ror",Q3918,,,http://www.uga.edu/spia
Q217439,University of Hawaiʻi System,review,ror but no ipeds,Q1075106,,,https://www.hawaii.edu/
Q7895503,University of Houston Sugar Land,review,ror but no ipeds,Q209465 Q3918,,,http://www.sugarland.uh.edu
Q7895504,University of Houston System at Cinco Ranch,review,ror but no ipeds,Q3918,,,
Q7895536,University of Illinois at Chicago College of Dentistry,review,"university class, no ipeds or ror",Q3918,,,http://dentistry.uic.edu
Q7895540,University of Illinois at Chicago College of Liberal Arts and Sciences,review,"university class, no ipeds or ror",Q3918,,,http://www.las.uic.edu
Q7895525,University of Illinois Global Campus,review,"university class, no ipeds or ror",Q3918,,,http://global.uillinois.edu
Q7895590,University of Kentucky College of Communications & Information Studies,review,"university class, no ipeds or ror",Q3918,,,https://ci.uky.edu/ci/
Q7895680,University of Maryland Center for Environmental Science,review,ror but no ipeds,Q3918 Q7315155,Q1480532,,http://www.umces.edu/
Q18158997,"University of Maryland, Baltimore County Centers and Institutes",review,"university class, no ipeds or ror",Q3918,,,http://www.umbc.edu/research/index.html
Q7895814,University of Minnesota Waseca,review,ror but no ipeds,Q3918,Q14552696,,http://sroc.cfans.umn.edu/
Q7895832,University of Missouri Graduate School,review,"university class, no ipeds or ror",Q3918,,,http://gradschool.missouri.edu/
Q7895969,University of North Florida Department of Music,review,"university class, no ipeds or ror",Q3918,,,https://www.unf.edu/coas/music/index.html
Q4475821,University of Northern Virginia,review,ror but no ipeds,Q3918,,,http://www.unva.edu/
Q39056078,University of Oklahoma Schusterman Center,review,ror but no ipeds,Q3918,,,
Q7896124,University of Pittsburgh College of General Studies,review,"university class, no ipeds or ror",Q3918,,,http://www.cgspitt.org/
Q7896128,University of Pittsburgh Honors College,review,"university class, no ipeds or ror",Q3918,,,http://www.honorscollege.pitt.edu/
Q7896133,University of Pittsburgh School of Dental Medicine,review,"university class, no ipeds or ror",Q3918 Q5259432,,,http://www.dental.pitt.edu/index.php
Q7896135,University of Pittsburgh School of Health and Rehabilitation Sciences,review,"university class, no ipeds or ror",Q3918,,,http://www.shrs.pitt.edu/cms/
Q7896142,University of Pittsburgh School of Social Work,review,"university class, no ipeds or ror",Q3918,,,http://www.socialwork.pitt.edu/
Q2075365,University of Puerto Rico,review,ror but no ipeds,Q875538,,,https://www.upr.edu/
Q2495906,University of Sacramento,review,"university class, no ipeds or ror",Q3918,,,http://www.universityofsacramento.org/
Q112871008,University of San Jose,review,"university class, no ipeds or ror",Q163740 Q902104,,,http://usjus.org/
Q7896243,University of Santa Monica,review,ror but no ipeds,Q3918,,,https://www.universityofsantamonica.edu/
Q7896260,University of Santo Tomas Faculty of Engineering,review,"university class, no ipeds or ror",Q3918,,,http://engineering.ust.edu.ph
Q7896332,University of South Florida College of Nursing,review,"university class, no ipeds or ror",Q3918,,,https://health.usf.edu/nursing/
Q7896333,University of South Florida College of Public Health,review,"university class, no ipeds or ror",Q3918 Q69964246,,,https://health.usf.edu/publichealth/
Q18159005,University of South Florida St. Petersburg Baseball Club,review,"university class, no ipeds or ror",Q3918,,,http://www.usfsp.edu/
Q7896415,University of Tennessee College of Dentistry,review,"university class, no ipeds or ror",Q3918,Q7896420,,http://www.uthsc.edu/dentistry/
Q7896448,University of Texas at Arlington School of Architecture,review,"university class, no ipeds or ror",Q3918,,,http://www.uta.edu/architecture
Q16982641,University of Texas at Austin College of Education,review,"university class, no ipeds or ror",Q3918,,,http://www.edb.utexas.edu/education/home/
Q16982637,University of Texas at Austin College of Liberal Arts,review,"university class, no ipeds or ror",Q3918,,,https://www.utexas.edu/cola/
Q483064,University of the Nations,review,ror but no ipeds,Q3918,,,http://uofn.edu//
Q7235043,University of the Potomac,review,ror but no ipeds,Q3918,,,https://potomac.edu/
Q29641552,University of Utah College of Science,review,"university class, no ipeds or ror",Q3918,,,http://science.utah.edu/
Q7896517,University of Utah Middle East Center,review,"university class, no ipeds or ror",Q3918,,,http://www.mec.utah.edu/
Q7896535,University of Virginia Center for Politics,review,"university class, no ipeds or ror",Q3918,,,http://www.centerforpolitics.org
Q7896626,University of Wisconsin Colleges Online,review,"university class, no ipeds or ror",Q3918,,,http://online.uwc.edu/
Q7896637,University of Wisconsin Sustainable Management,review,"university class, no ipeds or ror",Q3918,,,http://sustain.wisconsin.edu/
Q7896639,University of Wisconsin–Barron County,review,ror but no ipeds,Q3918,Q7896628,,http://www.barron.uwc.edu/
Q7896642,University of Wisconsin–Fond du Lac,review,ror but no ipeds,Q3918,Q7896628,,
Q7896643,University of Wisconsin–Fox Valley,review,ror but no ipeds,Q3918 Q7896628,Q10814056,,
Q7896645,University of Wisconsin–Madison College of Engineering,review,"university class, no ipeds or ror",Q3918,,,http://www.engr.wisc.edu
Q7896650,University of Wisconsin–Madison School of Journalism & Mass Communication,review,"university class, no ipeds or ror",Q3918,,,http://www.journalism.wisc.edu/
Q7896652,University of Wisconsin–Manitowoc,review,ror but no ipeds,Q3918,Q7896628,,http://www.uwmanitowoc.uwc.edu/
Q7896653,University of Wisconsin–Marathon County,review,ror but no ipeds,Q3918,Q7896628,,http://www.marathon.uwc.edu/
Q7896654,University of Wisconsin–Marinette,review,ror but no ipeds,Q3918,Q7896628,,http://marinette.uwc.edu/
Q7896655,University of Wisconsin–Marshfield/Wood County,review,ror but no ipeds,Q3918,Q7896628,,http://www.marshfield.uwc.edu/
Q7896657,University of Wisconsin–Milwaukee College of Nursing,review,"university class, no ipeds or ror",Q3918,,,http://www4.uwm.edu/nursing
Q7896658,University of Wisconsin–Milwaukee School of Education,review,"university class, no ipeds or ror",Q3918,,,http://www4.uwm.edu/soe
Q7896659,University of Wisconsin–Milwaukee School of Freshwater Sciences,review,"university class, no ipeds or ror",Q3918,,,http://www4.uwm.edu/freshwater
Q7896662,University of Wisconsin–Richland,review,ror but no ipeds,Q3918,Q7896628,,http://uwplatt.edu/richland
Q7896664,University of Wisconsin–Rock County,review,ror but no ipeds,Q3918,Q7896628,,
Q7896665,University of Wisconsin–Sheboygan,review,ror but no ipeds,Q3918,Q7896628,,
Q7896666,University of Wisconsin–Washington County,review,ror but no ipeds,Q3918,Q7896628,,http://washington.uwc.edu/default.asp
Q7896668,University of Wisconsin–Waukesha,review,ror but no ipeds,Q3918,Q10814056,,http://waukesha.uwc.edu/
Q7865526,UPRRP College of Natural Sciences,review,"university class, no ipeds or ror",Q3918,,,http://natsci.uprrp.edu/
Q7876148,UWSP Albertson Center for Learning Resources,review,"university class, no ipeds or ror",Q3918,,,http://library.uwsp.edu
Q7906647,VCU Medical Center,review,ror but no ipeds,Q15936437 Q4260475 Q494230,,,http://www.vcu.edu/medcenter/
Q7906669,VCU School of Engineering,review,"university class, no ipeds or ror",Q3918,,,http://www.egr.vcu.edu/
Q7906671,VCU School of Nursing,review,"university class, no ipeds or ror",Q3918,,,http://www.nursing.vcu.edu/
Q113245681,Vermont State University,review,ror but no ipeds,Q3918,,,https://vermontstate.edu/
Q7921784,Vermont Studio Center,review,ror but no ipeds,Q117531692 Q3918,,,http://www.vermontstudiocenter.org
Q7923540,Vet Tech Institute at Bradford School,review,"university class, no ipeds or ror",Q3918,,,http://www.vettechinstitute.edu/camp_colu.php
Q7934333,Virginia International University,review,ror but no ipeds,Q3918,,,http://www.viu.edu/
Q7934405,Virginia Mennonite Conference,review,"university class, no ipeds or ror",Q3918,,,http://www.virginiaconference.org/
Q7934407,Virginia Mennonite Missions,review,"university class, no ipeds or ror",Q3918,,,http://www.vmmissions.org/
Q7934603,Virginia Tech College of Engineering,review,"university class, no ipeds or ror",Q3918,,,http://www.eng.vt.edu/
Q7934604,Virginia Tech College of Liberal Arts and Human Sciences,review,"university class, no ipeds or ror",Q3918,,,http://www.clahs.vt.edu/
Q7970404,Warren National University,review,"university class, no ipeds or ror",Q3918,,,http://www.wnuedu.com/
Q16982864,Washington State University College of Veterinary Medicine,review,"university class, no ipeds or ror",Q1384955 Q3918,,,http://www.vetmed.wsu.edu
Q7972296,Washington State University Extension Energy Program,review,"university class, no ipeds or ror",Q3918,,,http://www.energy.wsu.edu
Q7972299,Washington State University Global Campus,review,"university class, no ipeds or ror",Q3918,Q114119453,,https://online.wsu.edu
Q7972302,Washington State University Spokane,review,ror but no ipeds,Q3918,Q114119453,,http://www.spokane.wsu.edu
Q7972303,Washington State University Tri-Cities,review,ror but no ipeds,Q3918 Q811430,Q114119453,,http://tricities.wsu.edu
Q7972305,Washington State University Vancouver,review,ror but no ipeds,Q209465 Q875538,Q114119453,,http://www.vancouver.wsu.edu
Q53495573,Washington Technology University,review,"university class, no ipeds or ror",Q3918,,,https://washtechu.com
Q7972507,Washington University School of Dental Medicine,review,"university class, no ipeds or ror",Q3918,,,http://beckerexhibits.wustl.edu/dental/index.html
Q7974850,Watson School of Biological Sciences,review,"university class, no ipeds or ror",Q3918,Q609768,,http://gradschool.cshl.edu/
Q7976641,"Wayne State University College of Fine, Performing, and Communication Arts",review,"university class, no ipeds or ror",Q3918,,,http://www.cfpca.wayne.edu/
Q7978973,Webster University Orlando,review,ror but no ipeds,Q3918,,,http://www.webster.edu/orlando
Q7978975,Webster University Utah,review,ror but no ipeds,Q3918,,,
Q7980210,Weimar Center of Health & Education,review,ror but no ipeds,Q1743327 Q3914,,,
Q7980916,Weldon School of Biomedical Engineering,review,"university class, no ipeds or ror",Q3918,,,http://www.engineering.purdue.edu/BME
Q7984771,West Coast Baptist College,review,"university class, no ipeds or ror",Q3918 Q576603,,,http://www.wcbc.edu
Q7984839,West Coast University,review,ror but no ipeds,Q3918,,,https://westcoastuniversity.edu
Q7986925,West Virginia University College of Law,review,"university class, no ipeds or ror",Q3918,,,http://www.law.wvu.edu/
Q7986931,West Virginia University School of Dentistry,review,"university class, no ipeds or ror",Q3918 Q5259432,,,http://www.hsc.wvu.edu/sod/
Q7987183,Westbrook University,review,ror but no ipeds,Q3918,,,http://www.westbrooku.edu/
Q7987649,Western CUNA Management School,review,"university class, no ipeds or ror",Q3918,,,http://www.wcmspomona.org/
Q7989065,Westmar University,review,ror but no ipeds,Q3918,,,
Q7989864,Westwood College,review,ror but no ipeds,Q3918,Q4735960,,http://www.westwood.edu
Q7994111,Whitacre College of Engineering,review,"university class, no ipeds or ror",Q3918,,,http://www.coe.ttu.edu
Q7996721,Whitney Marine Lab,review,"university class, no ipeds or ror",Q31855 Q3918,,,http://www.whitney.ufl.edu
Q7950618,WIDA Consortium,review,"university class, no ipeds or ror",Q3918,,,http://www.wida.us/
Q22058695,"Wilkes University, Mesa",review,"university class, no ipeds or ror",Q3918 Q423208,,,http://www.wilkes.edu/mesa
Q8012588,William Howard Taft University,review,ror but no ipeds,Q3918,Q30266533,,http://www.taft.edu/
Q8023950,Wind River Tribal College,review,"university class, no ipeds or ror",Q3918,,,http://www.windrivertc.org/
Q8040309,Wyoming Catholic College,review,"university class, no ipeds or ror",Q1377182 Q163740 Q557206,,,https://wyomingcatholic.edu
Q60792807,Aenon Bible College,drop,no website,Q576603,,,
Q4731352,Allegheny University of the Health Sciences,drop,no website,Q3918,,,
Q7070780,Alliance University,drop,dissolved,Q1743327 Q23002054 Q233324,,194161,http://www.nyack.edu
Q4733616,Alma White College,drop,dissolved,Q3918,Q7194136,,
Q4743296,American Career Institute,drop,dissolved,Q3918,,,http://www.aci.edu
Q4744817,American Repertory Company,drop,no website,Q3918,,,
Q4762974,Angelo State University College of Sciences,drop,no website,Q3918,,,
Q4762992,Angelos Bible College,drop,no website,Q189004 Q576603,,,
Q4775036,Antioch University West,drop,unit of a listed institution,Q3918,Q4775035,,
Q4775606,Antoinette Westphal College of Media Arts and Design,drop,unit of a listed institution,Q3918,Q603034,,http://www.drexel.edu/westphal/
Q4780656,Apostolic School of Theology,drop,no website,Q576603,,,
Q19864500,Apple University,drop,no website,Q3918,,,
Q2860020,Archbishop Quigley Preparatory Seminary,drop,no website,Q14911880,,,
Q28016747,Argosy University Florida,drop,unit of a listed institution,Q902104,Q4789716,,https://www.argosy.edu/locations/sarasota
Q4791329,Arizona International College,drop,no website,Q3918,,,
Q4791813,Arkansas Holiness College,drop,no website,Q3918,,,
Q4791877,Arkansas State University Paragould,drop,no website,Q3918,,,
Q55401201,Armstrong College,drop,dissolved,Q3918,,,
Q4801506,Arts and Sciences at Washington University in St. Louis,drop,unit of a listed institution,Q3918,Q777403,,http://artsci.wustl.edu/
Q20708521,Assumption Seminary,drop,no website,Q14911880,,,
Q63887403,Atlanta University,drop,dissolved,Q3914 Q3918,,,
Q14432001,Augusta State University,drop,dissolved,Q3918,,138983,http://www.aug.edu
Q14204292,Austin/UT and the Drag,drop,no website,Q3918,,,
Q4861181,Barleywood Female University,drop,no website,Q3918,,,
Q121300394,Belleview College,drop,no website,Q1743327,Q7194136,,
Q4891179,Berean Bible College,drop,no website,Q1743327 Q38723 Q576603,,,
Q4897872,Bethel Bible College,drop,no website,Q576603,,,
Q85746758,Bethel Military Academy,drop,no website,Q917182,,,
Q4903103,Bible Normal College,drop,no website,Q1743327 Q576603,,,
Q4904601,Bienville University,drop,no website,Q3918,,,
Q4917706,Bishop Scott Academy,drop,no website,Q3918,,,
Q4923418,Blackstone Military Academy,drop,no website,Q917182,,,
Q4929443,Blue Mont Central College,drop,no website,Q3918,,,
Q4135549,Boston State College,drop,no website,Q3918,,,
Q3064264,Boston University School of Law,drop,unit of a listed institution,Q1321960 Q902104,Q49110,,http://bu.edu/law
Q16971325,Bowling Green State University College of Business Administration,drop,no website,Q3918,,,
Q4961846,Bresee Theological College,drop,no website,Q3918,,,
Q16953838,Bristol University,drop,no website,Q3918,,,
Q21410959,Bristol University,drop,no website,Q3918,,,
Q105676352,Brown University School of Public Health,drop,unit of a listed institution,Q69964246 Q875538,Q49114,,https://www.brown.edu/academics/public-health/
Q111980687,Brownsville Revival School of Ministry,drop,no website,Q576603,,,
Q4979091,Brunnerdale Minor Seminary,drop,no website,Q14911880,,,
Q4836904,BYU Honors Program,drop,no website,Q3918,,,
Q5020691,California Military Academy,drop,no website,Q917182,,,
Q30324425,California State Christian University,drop,no website,Q1743327,,,
Q5027156,Camp El Tesoro,drop,no website,Q3918,,,
Q5028164,Campbell University School of Osteopathic Medicine,drop,no website,Q1743327 Q494230,,,
Q5036371,Capstone Military Leadership Program,drop,no website,Q3918,,,
Q558977,Carnegie Institute of Technology,drop,unit of a listed institution,Q902104,Q190080,,http://www.cit.cmu.edu/
Q16256559,Carolina College,drop,no website,Q3918,,,
Q104876472,Carver College,drop,no website,Q576603,,,
Q1049687,Castleton University,drop,dissolved,Q23002039 Q3918,,230834,https://www.castleton.edu/
Q25192765,Catholic Redemptoris Mater Archdiocesan Seminary,drop,no website,Q3918,,,
Q54322563,Center for Advanced Turbomachinery and Energy Research,drop,no website,Q3918,,,
Q5059484,Center for Agile Technology,drop,no website,Q3918,,,
Q43080144,Center for Data Science,drop,unit of a listed institution,Q3918,Q49210,,https://cds.nyu.edu/
Q3408465,Center for International Development at Harvard University,drop,no website,Q3918,Q49127,,
Q5059791,Center for Natural Hazards Research,drop,no website,Q3918,,,
Q5060451,Central Bible College,drop,dissolved,Q189004 Q576603,,176938,http://www.cbcag.edu/
Q5061493,Central Nazarene College,drop,no website,Q3918,,,
Q131753419,Central University of Kentucky,drop,no website,Q3918,,,
Q5070784,Chancellor University,drop,dissolved,Q3918,,202611,http://www.chancelloru.edu/
Q5078557,Charles H. Dyson School of Applied Economics and Management,drop,unit of a listed institution,Q3918,Q49115,,https://dyson.cornell.edu/
Q5094349,Cheviot Hills Military Academy,drop,no website,Q917182,,,
Q42848760,Chillicothe Business College,drop,no website,Q3918,,,
Q5108983,Christ the King Mission Seminary,drop,no website,Q14911880,,,
Q28455193,Christian Leaders Institute,drop,no website,Q1743327 Q38723 Q576603,,,
Q42316155,Churchill Military Academy,drop,dissolved,Q917182,,,
Q5120714,Cinema Department at San Francisco State University,drop,no website,Q3918,,,
Q5130198,Clayton College of Natural Health,drop,dissolved,Q3918,,,http://www.ccnh.edu/
Q5132285,Cleveland University,drop,no website,Q3918,,,
Q19865376,Cohen Center for Holocaust and Genocide Studies,drop,no website,Q3918,,,
Q5142796,Colegio Cesar Chavez,drop,no website,Q3918,,,
Q7896215,"College of Arts, Sciences and Engineering",drop,unit of a listed institution,Q3918,Q149990,,http://www.rochester.edu/college/
Q5146687,College of Emporia,drop,dissolved,Q902104,,,
Q124051471,College of Santa Fe,drop,dissolved,Q3918,,,
Q5146863,College of Tropical Agriculture and Human Resources,drop,not a university class,Q12420428 Q180958,,,
Q19865608,Colorado State University College of Agricultural Sciences,drop,unit of a listed institution,Q3918,Q1111640,,http://agsci.colostate.edu
Q5149780,Columbia Pacific University,drop,dissolved,Q3918,,,http://www.cpuniv.us/
Q16834980,Columbia University Department of Epidemiology,drop,unit of a listed institution,Q2467461 Q3918,Q49088 Q5149896,,
Q2820567,Conception Abbey,drop,no website,Q14911880 Q160742,,,
Q108171363,"Concordia College (Concordia, Missouri)",drop,no website,Q1743327 Q902104,Q5159008,,
Q96375387,Concordia College Fort Wayne,drop,no website,Q1743327,Q693844,,
Q5158984,Concordia Senior College,drop,no website,Q1743327 Q189004,Q693844,,
Q5158999,Concordia University Portland,drop,dissolved,Q23002054 Q3918,Q5159008,208488,http://www.cu-portland.edu
Q5171546,Cornell Tech,drop,unit of a listed institution,Q3918,Q49115,,https://tech.cornell.edu/
Q5171565,Cornell University College of Veterinary Medicine,drop,unit of a listed institution,Q1384955 Q3918,Q49115,,http://www.vet.cornell.edu/
Q5176481,Council of Presidents,drop,no website,Q3918,,,
Q5188813,Crossroads Bible College,drop,dissolved,Q189004 Q23002054 Q576603,,439613,http://www.crossroads.edu
Q5188827,Crossroads College,drop,dissolved,Q1743327 Q189004 Q23002054,,174206,http://www.crossroadscollege.edu
Q5210363,"Dale Bumpers College of Agricultural, Food and Life Sciences",drop,unit of a listed institution,Q3918,Q1070333,,http://bumperscollege.uark.edu
Q5214698,Dana College,drop,dissolved,Q189004 Q3918,,181011,http://www.dana.edu/
Q5216478,Daniel Baker College,drop,dissolved,Q3918,,,
Q5225736,Dartmouth University,drop,no website,Q3918,,,
Q12204487,DeBusk College of Osteopathic Medicine,drop,no website,Q3918,Q14710034,,
Q5260525,"Department of Urology, University of Virginia",drop,unit of a listed institution,Q3918,Q213439,,http://www.medicine.virginia.edu/clinical/departments/urology/home-page
Q5265561,Detachment R,drop,no website,Q2385804 Q917182,Q9212,,
Q5267314,Devil Mountain Improv League,drop,no website,Q3918,,,
Q114037560,Douglass University,drop,no website,Q902104,,,
Q5307344,Drexel University College of Arts and Sciences,drop,not a university class,Q180958,,,http://www.drexel.edu/coas/
Q5312890,Duke University Center for International Studies,drop,unit of a listed institution,Q3918,Q168751,,
Q5321963,E. J. Ourso College of Business,drop,unit of a listed institution,Q3918,Q1521725,,http://business.lsu.edu/
Q5330054,Eastern Christian College,drop,no website,Q576603,,,
Q5330303,Eastern Michigan University College of Arts and Sciences,drop,unit of a listed institution,Q2467461,Q1278221,,http://www.emich.edu/cas/
Q5330304,Eastern Michigan University College of Education,drop,unit of a listed institution,Q2120173 Q2467461,Q1278221,,https://www.emich.edu/coe/
Q5330305,Eastern Michigan University College of Health and Human Services,drop,unit of a listed institution,Q2467461,Q1278221,,http://www.emich.edu/chhs/
Q5330306,Eastern Michigan University GameAbove College of Engineering and Technology,drop,unit of a listed institution,Q2467461,Q1278221,,http://www.emich.edu/cot
Q5349913,Eisenhower College,drop,no website,Q2385804 Q3918,,,
Q5354095,Eldorado College,drop,no website,Q3918,,,
Q5373682,Emory Center for Alternative Investments,drop,no website,Q3918,,,
Q5421720,Expressive Intelligence Studio,drop,unit of a listed institution,Q3918,Q1047293,,
Q5435541,Farm and Industry Short Course,drop,no website,Q3918,,,
Q5461169,Florida A&M University – Florida State University College of Engineering,drop,unit of a listed institution,Q1663017 Q3918,Q1430048 Q861548,,http://www.eng.fsu.edu/
Q5461230,Florida Board of Control,drop,no website,Q3918,,,
Q5461234,Florida Board of Regents,drop,no website,Q3918,,,
Q5461649,Florida State University College of Fine Arts,drop,unit of a listed institution,Q3918,Q861548,,http://cfa.fsu.edu
Q5461638,Florida State University College of Human Sciences,drop,unit of a listed institution,Q3918,Q861548,,http://www.chs.fsu.edu/
Q5461645,Florida State University College of Social Sciences,drop,unit of a listed institution,Q3918,Q861548,,http://www.coss.fsu.edu/
Q57705623,Florida Technological University,drop,no website,Q3918,,,
Q5468058,Fordham Graduate School of Arts and Sciences,drop,unit of a listed institution,Q3918,Q130965,,http://www.fordham.edu/gsas
Q108687051,Forrest L. Vosler Non-Commissioned Officer Academy,drop,no website,Q176799 Q917182,Q108281765,,
Q105560401,Fort Worth University,drop,dissolved,Q3918,,,
Q18344115,George Washington University School of Nursing,drop,unit of a listed institution,Q3918,Q432637,,
Q5547601,Georgia Military Institute,drop,no website,Q3918,,,
Q28206778,Globe Institute of Technology,drop,dissolved,Q123602198 Q2385804,,,http://www.globeinstitute.org/
Q5580240,Goldman School of Public Policy,drop,unit of a listed institution,Q11391922 Q3918,Q168756,,http://socrates.berkeley.edu/~gspp/
Q101029305,Gonzaga University Department of Teacher Education,drop,unit of a listed institution,Q3918,Q1537303,,
Q5591007,Grace Bible College,drop,no website,Q576603,,,
Q5610347,Grooveshark University,drop,no website,Q3918,,,
Q28229135,Grove School of Engineering,drop,no website,Q1371037,,,
Q31861165,Guam Geomagnetic Observatory,drop,no website,Q3918,,,
Q1000206,Hamburger University,drop,not a university class,Q2278672,,,https://corporate.mcdonalds.com/corpmcd/our-purpose-and-impact/jobs-inclusion-and-empowerment/skills-and-education.html
Q100998814,Hancock University,drop,no website,Q3918,,,
Q15408380,Harvard Division of Continuing Education,drop,unit of a listed institution,Q2467461 Q3918,Q13371 Q5676392,,http://dce.harvard.edu/
Q667786,Harvard Summer School,drop,unit of a listed institution,Q3918,Q15408380,,http://www.summer.harvard.edu/
Q18152488,Harvard University School of Mining and Practical Geology,drop,unit of a listed institution,Q3918,Q13371,,
Q16995035,Heald College,drop,dissolved,Q3918 Q5001855,Q5170685,,http://www.heald.edu
Q21188237,Highland College,drop,no website,Q1743327 Q4671277,,,
Q61406579,HIS University,drop,no website,Q2385804 Q902104,,,
Q5885577,Holy Ghost Seminary,drop,no website,Q14911880,,,
Q5886830,Holy Trinity Seminary,drop,no website,Q14911880,,,
Q19880807,Horner Institute,drop,no website,Q3918,,,
Q21050017,ICI University,drop,no website,Q3918,Q483978,,
Q6004454,Immaculate Conception Seminary School of Theology,drop,unit of a listed institution,Q14911880,Q585828,,http://theology.shu.edu/
Q6023669,Indiana University – Purdue University Fort Wayne,drop,dissolved,Q23002039 Q3918,Q6608367 Q929715,151102,http://www.ipfw.edu
Q1433199,Indiana University – Purdue University Indianapolis,drop,dissolved,Q23002039 Q3918 Q45400320,Q217741 Q6608367 Q929715,151111,https://www.iupui.edu/
Q16847767,Institute for Space and Defense Electronics,drop,unit of a listed institution,Q3918,Q29052,,http://isde.vanderbilt.edu
Q6041026,Institute on the Environment,drop,unit of a listed institution,Q3918,Q238101,,http://environment.umn.edu
Q17005694,Inter-American Adventist Theological Seminary,drop,no website,Q1743327 Q3918,,,
Q16892661,International Academy of Design and Technology,drop,no website,Q902104,,,
Q6048734,International Bible College,drop,no website,Q1971849 Q576603,,,
Q6064657,Iowa State University College of Liberal Arts and Sciences,drop,unit of a listed institution,Q43229,Q1136919,,http://www.las.iastate.edu/
Q6065562,Ipswich Female Seminary,drop,no website,Q3918,,,
Q6118828,Jacob K. Javits Lecture Center,drop,no website,Q3918,,,
Q6138750,James Madison College,drop,unit of a listed institution,Q3918,Q270222,,http://www.jmc.msu.edu
Q6232345,John F. Kennedy College,drop,dissolved,Q3918,,,
Q6235524,John Glenn School of Public Affairs,drop,unit of a listed institution,Q3918 Q4671277,Q309331,,http://glenn.osu.edu/
Q1702480,Johnson State College,drop,dissolved,Q23002039 Q3918,,230913,http://www.jsc.edu
Q6365093,Kansas State University Salina Aerospace and Technology Campus,drop,unit of a listed institution,Q3918,Q31249,,http://www.salina.k-state.edu/
Q6365118,Kansas Technical Institute,drop,no website,Q1371037,,,
Q6375511,Kate Gleason College of Engineering,drop,unit of a listed institution,Q3918,Q2140778,,https://www.rit.edu/engineering
Q61633306,Kelsey-Jenney College,drop,dissolved,Q902104,,,http://www.kelsey-jenney.com/
Q128107222,Kemper College,drop,dissolved,Q3918,,,
Q6389748,Kennesaw State University College of Arts,drop,no website,Q3918,,,
Q6389750,Kennesaw State University College of Humanities and Social Sciences,drop,no website,Q3918,,,
Q6389751,Kennesaw State University College of Science & Mathematics,drop,no website,Q3918,,,
Q16973491,Kennesaw State University Graduate College,drop,no website,Q3918,,,
Q6417273,Kissinger Institute on China and the United States,drop,no website,Q3918,,,
Q6465107,La Salle Extension University,drop,no website,Q3918,,,
Q16932044,Lanier University,drop,dissolved,Q3918,,,
Q107814236,LBC | Capital - Philadelphia,drop,unit of a listed institution,Q209465 Q233324 Q576603,Q6483113,,https://www.lbc.edu/philly/
Q107813856,LBC | Capital - Washington DC,drop,unit of a listed institution,Q209465 Q233324 Q576603,Q6483113,,https://www.lbc.edu/dc/
Q6520786,Leland Powers School,drop,dissolved,Q3918,,,
Q17031569,Lewis College of Business,drop,no website,Q3918,,,
Q43079468,Liberty University College of Osteopathic Medicine,drop,no website,Q3918 Q494230,,,
Q6552413,Lindenwood University–Belleville,drop,unit of a listed institution,Q3918,Q5617088,,http://belleville.lindenwood.edu/
Q6610299,List of closed seminaries in the United States,drop,no website,Q14911880,,,
Q7720324,LIU Brooklyn,drop,unit of a listed institution,Q902104,Q1783603,,http://liu.edu/Brooklyn.aspx
Q3378714,Lyndon State College,drop,dissolved,Q23002039 Q3918,Q1799807,230931,
Q6736403,Maine Media Workshops,drop,no website,Q3918,,,
Q105319944,Make School,drop,no website,Q3918,,,
Q6747945,Mandel School of Applied Social Sciences,drop,unit of a listed institution,Q3918,Q1047060,,http://msass.case.edu/index.html
Q6754776,Maranatha Bible School,drop,no website,Q3918,,,
Q6754779,Maranatha College,drop,no website,Q576603,,,
Q6764127,Marine Corps War College,drop,unit of a listed institution,Q3918,Q6764126,,
Q6776789,Martin University,drop,dissolved,Q23002054 Q3918,,151810,https://www.martin.edu/
Q6778823,Mary Allen Seminary,drop,no website,Q19844914 Q3918,,,
Q6779826,Mary Immaculate Seminary,drop,no website,Q14911880,,,
Q6780704,Mary Sharp College,drop,no website,Q3918,,,
Q113951559,Maryland Agricultural College,drop,dissolved,Q104694724 Q12420428,,,
Q113951892,Maryland State College of Agriculture,drop,dissolved,Q104694724 Q12420428,,,
Q6147915,Marylhurst University,drop,dissolved,Q23002054 Q3660535 Q3918,Q3977358,209108,http://www.marylhurst.edu
Q54958176,Maxine Goodman Levin College of Urban Affairs,drop,unit of a listed institution,Q3918,Q1100801,,
Q96392408,McDonnell International Scholars Academy,drop,unit of a listed institution,Q1622296 Q6815100,Q777403,,https://mcdonnell.washu.edu/
Q6801825,McKenzie College,drop,dissolved,Q3918,,,
Q6803431,Meadows School of the Arts,drop,unit of a listed institution,Q383092 Q3918 Q7014642,Q1536258,,https://www.smu.edu/meadows
Q6827343,Miami International University of Art & Design,drop,dissolved,Q23002052 Q3918,,134811,
Q16971489,Michigan State University College of Nursing,drop,unit of a listed institution,Q3918,Q270222,,http://nursing.msu.edu/
Q6841956,Middlesex University,drop,dissolved,Q3918,,,
Q6842949,Midpeninsula Free University,drop,no website,Q3918,,,
Q6861650,Milwaukee-Downer College,drop,no website,Q3918,,,
Q125526257,Montana Wesleyan University,drop,dissolved,Q3918,,,
Q6921180,Mount Hermon Female Seminary,drop,no website,Q22713629 Q3918 Q4922460,,,
Q124150031,Mount Tamalpais Military Academy,drop,dissolved,Q917182,,,
Q130428289,Multnomah Campus of Jessup University,drop,unit of a listed institution,Q1743327 Q23002054,Q8013573,,https://www.multnomah.edu/
Q6952375,NASA Academy,drop,no website,Q3918,,,
Q6973366,National Hispanic University,drop,dissolved,Q23002052 Q3918,Q689475,119544,http://www.nhu.edu
Q1967509,National Normal University,drop,dissolved,Q3918 Q96086516,,,
Q4117039,National Technical Institute for the Deaf,drop,unit of a listed institution,Q1371037 Q265662 Q3918 Q4671277,Q2140778,,https://www.rit.edu/ntid/
Q6982689,Navy Supply Corps School,drop,no website,Q917182,,,
Q6983270,Nazarene Bible Institute,drop,no website,Q3918,,,
Q6983311,Nazareth College,drop,no website,Q3918,,,
Q115825085,Nazareth Hall Preparatory Seminary,drop,no website,Q3918,,,
Q6953248,NC State University,drop,no website,Q3918,,,
Q23303267,New England Baptist College,drop,no website,Q576603,,,
Q7010804,New Orleans University,drop,dissolved,Q3918,,,
Q111490871,New York Institute of Technology - Long Island Campus,drop,unit of a listed institution,Q189004 Q209465 Q23002054 Q3918,Q1709596,,https://www.nyit.edu/long_island
Q111491105,New York Institute of Technology - Manhattan Campus,drop,unit of a listed institution,Q3918,Q1709596,,https://www.nyit.edu/nyc
Q3339068,New York University Graduate School of Arts and Science,drop,unit of a listed institution,Q180958 Q3918 Q43229,Q49210,,https://gsas.nyu.edu/
Q104761556,New York University. Polytechnic School of Engineering,drop,no website,Q3918,,,
Q7051005,Norfolk College for Young Ladies,drop,no website,Q3918,,,
Q105281035,Northeast Missouri State Teachers College,drop,no website,Q3918,,,
Q55264773,Northeastern Baptist College,drop,no website,Q3918,,,
Q56277101,Northern Vermont University,drop,dissolved,Q3918,,,https://www.northernvermont.edu/
Q10387896,Northrop University,drop,dissolved,Q3918,,,
Q31861410,NRL MRC Midway Research Center,drop,no website,Q3918,,,
Q14319576,Officer Candidate School,drop,no website,Q917182,Q9212,,
Q16975143,Oklahoma State University School of Fire Protection and Safety,drop,unit of a listed institution,Q3918 Q7429804,Q749718,,http://fpst.okstate.edu/
Q7085361,Old University of Chicago,drop,no website,Q3918,,,
Q7099549,Orange County Business College,drop,no website,Q3918,,,
Q7106892,Oskaloosa College,drop,no website,Q1377182 Q902104,,,
Q7110140,Ouachita Hills College,drop,no website,Q1743327,,,
Q1087492,Pacific Western University,drop,no website,Q3918,,,
Q111170118,Paresky Commons,drop,not a university class,Q19844914 Q661199,Q1432645,,
Q16975286,Parker H. Petit Institute for Bioengineering & Bioscience,drop,no website,Q3918,,,
Q7148468,Patterson School of Diplomacy and International Commerce,drop,unit of a listed institution,Q3918,Q1360303,,http://www.PattersonSchool.uky.edu
Q7157187,Pea Ridge Masonic College,drop,no website,Q3918,,,
Q7163347,Penn View Bible Institute,drop,no website,Q2385804 Q576603,,,
Q7165115,Pentecostal Collegiate Institute,drop,no website,Q3918,,,
Q117850144,Philadelphia College of Pharmacy and Science,drop,dissolved,Q3918,,,http://www.pcps.edu/
Q3551662,Philadelphia University,drop,dissolved,Q23002054 Q3918,,215099,http://www.philau.edu
Q7185942,Phillips University,drop,dissolved,Q3918,,,http://www.phillips.edu
Q7194222,Pillsbury Baptist Bible College,drop,no website,Q209465 Q576603,,,
Q7195463,Pinecrest Bible Training Center,drop,dissolved,Q576603,,,http://www.pinecrest.org
Q104761164,Polytechnic Institute of New York University,drop,no website,Q3918,,,
Q55263614,Poole College of Management,drop,unit of a listed institution,Q3918,Q1132346,,
Q16983719,Pratt Institute School of Information,drop,unit of a listed institution,Q3918 Q6031190,Q1204714,,https://www.pratt.edu/information/
Q54954534,Princeton University Department of History,drop,unit of a listed institution,Q3918,Q21578,,https://history.princeton.edu/
Q7260985,Purdue University Calumet,drop,dissolved,Q23002039 Q3918,Q929715,152248,http://www.purduecal.edu/
Q7260989,Purdue University College of Health and Human Sciences,drop,no website,Q3918,,,
Q7260993,Purdue University College of Science,drop,unit of a listed institution,Q180958,Q217741,,https://www.purdue.edu/science/
Q7260994,Purdue University College of Technology,drop,unit of a listed institution,Q3918,Q217741,,https://polytechnic.purdue.edu/
Q135211390,Q135211390,drop,not a university class,,,,
Q2820388,Q2820388,drop,no website,Q14911880 Q160742,,,
Q5431148,Q5431148,drop,not a university class,,,,
Q6156423,Q6156423,drop,no website,Q3918,,,
Q7347822,Robert Morris University Illinois,drop,dissolved,Q123602198 Q23002054,,148335,http://www.robertmorris.edu/
Q7369521,Ross Medical Education Center,drop,no website,Q3918,,,
Q121811824,Roux Institute,drop,no website,Q3918,,,
Q7372881,Roy H. Park School of Communications,drop,unit of a listed institution,Q3918,Q3540690,,https://www.ithaca.edu/rhp/
Q7382772,Rutersville College,drop,no website,Q3918,,,
Q7401554,Saint Joseph College of Florida,drop,no website,Q3918,,,
Q16238271,Saint Joseph's Seminary,drop,no website,Q14911880,,,
Q7401675,Saint Louis University College of Arts and Sciences,drop,no website,Q3918,,,
Q7401825,Saint Mary's College,drop,no website,Q557206,,,
Q7402191,"Saint Stephen Diocesan Seminary, Honolulu",drop,no website,Q14911880,,,
Q7404631,Salina Normal University,drop,no website,Q3918,,,
Q16980590,Samuel Proctor Oral History Program,drop,unit of a listed institution,Q3918,Q501758,,http://oral.history.ufl.edu
Q6671315,San Francisco College for Women/Lone Mountain College,drop,no website,Q23002054 Q3660535 Q3918,Q1092656,,
Q7414764,San Luis Rey College,drop,no website,Q3918,,,
Q29470712,Sasakawa International Center for Space Architecture,drop,unit of a listed institution,Q3918,Q1472358,,http://sicsa.egr.uh.edu/
Q7427885,Savannah State University College of Business Administration,drop,unit of a listed institution,Q3918,Q3474474,,https://www.savannahstate.edu/coba/
Q7427887,Savannah State University College of Sciences and Technology,drop,no website,Q3918,,,
Q7430513,Scarritt College,drop,no website,Q3918,,,
Q7432485,"School of International and Public Affairs, Columbia University",drop,unit of a listed institution,Q122940278 Q2467461 Q3918,Q49088,,https://www.sipa.columbia.edu/
Q55137589,Seattle Bible College,drop,no website,Q3918 Q576603,,,
Q7442115,Seattle Institute of Oriental Medicine,drop,dissolved,Q23002052 Q3918,,439914,http://www.siom.edu
Q16961698,Seminary of Mar Abba the Great,drop,no website,Q3918,,,
Q19599900,Shelton College,drop,no website,Q3918,,,
Q7540904,Slippery Rock University,drop,no website,Q17343829 Q2385804 Q498162 Q875538,,,
Q7564447,Soule University,drop,no website,Q3918,,,
Q104880489,Southeastern Christian College,drop,dissolved,Q3918,,,
Q7569472,Southeastern Free Will Baptist College,drop,no website,Q189004 Q576603,,,
Q7569680,Southern Bible College,drop,dissolved,Q576603,,,
Q17062081,Southern Minnesota Normal College,drop,no website,Q3918,,,
Q7578890,Spokane University,drop,dissolved,Q3918,,,
Q7580509,Spring Garden College,drop,dissolved,Q1371037,,,
Q7586947,St. Andrews University,drop,dissolved,Q123602198 Q23002054,,199698,https://www.sa.edu
Q56284256,St. Anthony College,drop,no website,Q3918,,,
Q2317220,St. Anthony-on-Hudson Seminary,drop,no website,Q14911880,,,
Q71764688,St. Charles College,drop,dissolved,Q14911880 Q189004 Q557206 Q837999,,,
Q7587507,"St. Charles College, Maryland",drop,no website,Q14911880,,,
Q7587814,St. Edward Seminary,drop,no website,Q14911880 Q19844914,Q7401195,,
Q131378727,St. Gregory the Great Seminary,drop,no website,Q14911880,,,
Q117134055,St. Gregory’s Seminary,drop,dissolved,Q14911880 Q428602,Q117132126,,
Q7588851,St. John's University,drop,no website,Q3918,,,
Q7589308,St. Joseph Female College,drop,no website,Q3918,,,
Q7589234,St. Joseph's Seminary,drop,no website,Q14911880,,,
Q114451696,St. Joseph's Seminary,drop,no website,Q14911880,,,
Q7591568,St. Pius X Seminary,drop,no website,Q14911880,Q6678799,,
Q7591917,St. Thomas Aquinas Preparatory Seminary,drop,no website,Q14911880,,,
Q7592071,St. Vincent's Seminary,drop,no website,Q14911880 Q3918,,,
Q109609536,Stanton University,drop,no website,Q3918,,,
Q104694399,State College of Washington,drop,dissolved,Q104694724 Q615150,,,
Q7611511,Stern College for Women,drop,unit of a listed institution,Q3918,Q1048851,,http://www.yu.edu/stern/
Q7621045,Straight University,drop,unit of a listed institution,Q3918,Q7010804,,
Q7621996,Stratford University,drop,dissolved,Q23002052 Q3918,,438498,http://www.stratford.edu
Q16953025,Tampa College,drop,no website,Q3918,,,
Q7707448,Texas A&M College of Agriculture and Life Sciences,drop,unit of a listed institution,Q3918,Q49212,,
Q7707449,Texas A&M College of Architecture,drop,unit of a listed institution,Q3918,Q49212,,http://www.arch.tamu.edu
Q7707451,Texas A&M College of Education and Human Development,drop,unit of a listed institution,Q180958 Q3918,Q49212,,
Q7707452,Texas A&M College of Geosciences,drop,unit of a listed institution,Q3918,Q49212,,
Q7707454,Texas A&M College of Liberal Arts,drop,no website,Q3918,,,
Q7707455,Texas A&M College of Science,drop,unit of a listed institution,Q3918,Q49212,,http://www.science.tamu.edu
Q7707472,Texas A&M University Corps of Cadets,drop,no website,Q917182,,,
Q124031754,Texas Institute of Technology and Science,drop,no website,Q3918,,,
Q7708158,Texas Tech University at Abilene,drop,no website,Q3918,,,
Q7708159,Texas Tech University at Amarillo,drop,no website,Q3918,,,
Q7708160,Texas Tech University at Fredericksburg,drop,no website,Q3918,,,
Q7708162,Texas Tech University at Highland Lakes,drop,no website,Q3918,,,
Q7708145,Texas Tech University Health Sciences Center Abilene Campus,drop,unit of a listed institution,Q3918,Q4119816,,
Q7708146,Texas Tech University Health Sciences Center Amarillo Campus,drop,unit of a listed institution,Q3918 Q4287745,Q4119816,,http://www.ttuhsc.edu
Q7708147,Texas Tech University Health Sciences Center Dallas Campus,drop,no website,Q3918,,,
Q7715757,The Basic School,drop,not a university class,Q29918961 Q498162 Q7432476,,,http://www.trngcmd.marines.mil/Units/Northeast/TheBasicSchool.aspx
Q7726777,The College of Saints John Fisher & Thomas More,drop,dissolved,Q3918,,420352,http://www.fishermore.edu/
Q7726781,The Colleges of William & Mary,drop,no website,Q3918,,,
Q1073441,The Fletcher School of Law and Diplomacy,drop,unit of a listed institution,Q1321960 Q3918,Q49120,,https://fletcher.tufts.edu
Q3521483,The King's College,drop,dissolved,Q1743327 Q23002054,,454184,http://www.tkc.edu
Q7755432,The ORT Institute,drop,dissolved,Q23002054 Q3918,,393180,http://www.ortchicagotech.edu
Q1068615,The University of the Arts,drop,dissolved,Q23002054 Q3918,,215105,https://uarts.edu
Q7773785,The Way College of Biblical Research – Indiana Campus,drop,no website,Q3918,,,
Q1329269,The Wharton School,drop,unit of a listed institution,Q1143635 Q902104,Q49117,,https://www.wharton.upenn.edu/
Q116460180,Timothy Bible College,drop,dissolved,Q576603 Q7882213,,,http://www.the-tbc.com/
Q7829353,Touro College South,drop,no website,Q3918,Q48739865,,
Q12204475,Touro University Nevada College of Osteopathic Medicine,drop,no website,Q3918,Q7829364,,
Q47012059,Traphagen School of Fashion,drop,dissolved,Q3918,,,
Q7843005,Trinity Valley Baptist Seminary and College,drop,no website,Q3918,,,
Q17036480,Troy University,drop,dissolved,Q3918,,,
Q7851548,Tufts University School of Engineering,drop,unit of a listed institution,Q3918,Q49120,,http://engineering.tufts.edu
Q7851946,Tulane University School of Liberal Arts,drop,unit of a listed institution,Q3918,Q1193547,,https://liberalarts.tulane.edu
Q103812474,UCLA Center for Neighborhood Knowledge,drop,unit of a listed institution,Q3918 Q4671277 Q7315155,Q102361725 Q174710,,https://knowledge.luskin.ucla.edu/
Q18705913,UCLA Institute for Research on Labor and Employment,drop,unit of a listed institution,Q3918 Q7315155,Q174710,,
Q103925478,UCLA Lewis Center for Regional Policy Studies,drop,unit of a listed institution,Q31855 Q3918 Q4671277,Q102361725 Q174710,,https://www.lewis.ucla.edu/
Q102361725,UCLA Luskin School of Public Affairs,drop,unit of a listed institution,Q180958 Q3918,Q174710,,https://luskin.ucla.edu/
Q7864106,UCR School of Business,drop,unit of a listed institution,Q3918,Q1075148,,https://business.ucr.edu/
Q7864421,UEI College,drop,unit of a listed institution,Q23002052 Q3918,Q64495117,,http://www.uei.edu
Q7507842,UF Innovate | Sid Martin Biotech,drop,unit of a listed institution,Q3918,Q501758,,http://innovate.research.ufl.edu/sid-martin-biotech/
Q7864722,UIUC College of Applied Health Sciences,drop,unit of a listed institution,Q3918,Q457281,,https://www.ahs.illinois.edu
Q7864724,UIUC College of Education,drop,unit of a listed institution,Q3918,Q457281,,https://education.illinois.edu/
Q5592003,Union Graduate College,drop,dissolved,Q23002054 Q3918,Q931865,446932,http://www.uniongraduatecollege.edu
Q24040217,Union High Academy Historic District,drop,no website,Q4671277 Q576603,,,
Q7889455,United States Army Cavalry School,drop,not a university class,Q113481415,,,
Q4361925,United States Army Infantry School,drop,not a university class,Q7432476,,,https://www.moore.army.mil/Infantry/
Q77518402,United States International University,drop,no website,Q3918,,,
Q7890726,United States Marine Corps School of Infantry,drop,no website,Q917182,Q11218 Q7890730,,
Q48743693,"University at Albany, SUNY School of Criminal Justice",drop,unit of a listed institution,Q23002039 Q3918,Q1780816,,
Q100993236,University at Buffalo - North Campus,drop,unit of a listed institution,Q209465 Q875538,Q681025,,
Q101027900,University of Arkansas at Pine Bluff Department of Aquaculture and Fisheries,drop,unit of a listed institution,Q3918,Q2495825,,
Q7895091,University of Atlanta,drop,dissolved,Q3918,,,http://www.uofa.edu/aboutUs.asp?sec=aboutUs
Q100994119,University of Connecticut - Tri-Campus,drop,unit of a listed institution,Q3918,Q49206,,
Q99395854,"University of Connecticut College of Agriculture, Health and Natural Resources",drop,unit of a listed institution,Q12420428 Q180958,Q49206,,https://cahnr.uconn.edu/
Q25185563,University of Guam Marine Laboratory,drop,unit of a listed institution,Q3918,Q1248737,,
Q106714995,University of Illinois at Chicago Circle,drop,dissolved,Q875538,,,
Q7895531,University of Illinois School of Architecture,drop,unit of a listed institution,Q10273077,Q457281,,https://arch.illinois.edu
Q55264805,University of Louisville College of Business,drop,unit of a listed institution,Q3918,Q1317143,,http://business.louisville.edu
Q16982604,"University of Maryland Graduate School, Baltimore",drop,unit of a listed institution,Q3918,Q4119470,,http://graduate.umaryland.edu
Q3304503,University of Michigan College of Engineering,drop,unit of a listed institution,Q3918,Q230492,,http://www.engin.umich.edu/
Q7895771,University of Michigan School of Education,drop,unit of a listed institution,Q3918,Q230492,,https://marsal.umich.edu
Q7895773,University of Michigan School of Information,drop,unit of a listed institution,Q3918,Q230492,,https://si.umich.edu
Q7895774,University of Michigan School of Kinesiology,drop,unit of a listed institution,Q180958,Q230492,,http://www.kines.umich.edu/
Q7895778,University of Michigan School of Public Health,drop,unit of a listed institution,Q3918 Q69964246,Q230492,,https://sph.umich.edu/
Q7895881,University of Nashville,drop,dissolved,Q902104,,,
Q7895942,University of North Carolina at Chapel Hill School of Dentistry,drop,unit of a listed institution,Q3918,Q192334,,https://dentistry.unc.edu
Q7895952,University of North Dakota College of Arts and Sciences,drop,no website,Q3918,,,
Q18159002,University of Oklahoma College of Liberal Studies,drop,unit of a listed institution,Q3918,Q640652,,http://www.ou.edu/cls.html
Q43896644,University of Oregon Portland,drop,unit of a listed institution,Q2385804,Q766145,,http://pdx.uoregon.edu
Q7896150,University of Plano,drop,dissolved,Q3918,,,
Q16975536,University of Richmond School of Professional & Continuing Studies,drop,unit of a listed institution,Q3918,Q1115878,,http://spcs.richmond.edu/
Q12204480,University of South Alabama College of Medicine,drop,unit of a listed institution,Q1916585 Q3918,Q13572981,,https://www.southalabama.edu/colleges/com/
Q7896330,University of South Dakota–Springfield,drop,dissolved,Q875538,,,
Q7896340,University of Southern California School of International Relations,drop,unit of a listed institution,Q3918,Q4614,,http://dornsife.usc.edu/sir/
Q7896423,University of Tennessee Space Institute,drop,unit of a listed institution,Q3918,Q1150105,,http://www.utsi.edu
Q7896447,University of Texas at Arlington College of Engineering,drop,unit of a listed institution,Q3918,Q1230739,,http://www.uta.edu/engineering/
Q110778257,University of Texas at Arlington Online School of Nursing,drop,unit of a listed institution,Q1407393 Q23002039 Q446901 Q62078547,Q1230739,,https://academicpartnerships.uta.edu/programs/nursing.aspx
Q975037,University of Texas at Brownsville,drop,dissolved,Q23002039 Q3918,Q2140391,,http://www.utb.edu
Q17028104,University of Texas at San Antonio College of Business,drop,unit of a listed institution,Q3918,Q183170,,
Q7896461,University of Texas at San Antonio College of Liberal and Fine Arts,drop,unit of a listed institution,Q3918,Q183170,,http://colfa.utsa.edu/colfa/
Q626634,University of Texas–Pan American,drop,dissolved,Q23002039 Q3918,,,http://www.utpa.edu
Q7896774,University of the State of New York,drop,no website,Q3918 Q98456412,,,
Q107708643,University of Washington College of Forest Resources,drop,dissolved,Q12033044 Q180958,Q219563,,
Q7896569,University of Washington Educational Outreach,drop,no website,Q3918,,,
Q7896577,University of Washington North Sound,drop,unit of a listed institution,Q110769160 Q4819632,Q219563,,
Q98100861,University of Washington School of Environmental and Forest Sciences,drop,not a university class,Q12033044 Q180958,Q98067376,,https://sefs.uw.edu/
Q111811701,University of Washington School of Forest Resources,drop,dissolved,Q12033044 Q180958,Q219563,,
Q7896644,University of Wisconsin–Madison College of Agricultural and Life Sciences,drop,unit of a listed institution,Q12420428 Q23005223,Q838330,,
Q7896638,University of Wisconsin–Platteville Baraboo Sauk County,drop,unit of a listed institution,Q3918,Q2590962,,https://www.uwplatt.edu/baraboo
Q107669662,URBE University,drop,no website,Q3918,,,
Q106970629,USC Jimmy Iovine and Andre Young Academy,drop,unit of a listed institution,Q180958 Q3918,Q4614,,https://iovine-young.usc.edu/discover
Q28961295,USC Roski School of Fine Arts,drop,unit of a listed institution,Q180958,Q4614,,
Q7901732,UseIT,drop,no website,Q3918,,,
Q120598154,USF Health,drop,unit of a listed institution,Q3918 Q4287745,Q500606,,https://health.usf.edu/
Q18357188,UTHealth School of Biomedical Informatics,drop,unit of a listed institution,Q180958,Q7896431,,https://sbmi.uth.edu/
Q7914461,Vanderbilt University School of Nursing,drop,unit of a listed institution,Q180958 Q3918,Q29052,,http://www.nursing.vanderbilt.edu/
Q7906643,VCU Brandcenter,drop,unit of a listed institution,Q3918,Q7906666,,http://www.brandcenter.vcu.edu/
Q7906665,VCU School of Allied Health Professions,drop,unit of a listed institution,Q3918,Q2303536,,http://www.sahp.vcu.edu/
Q7906666,VCU School of Business,drop,unit of a listed institution,Q1143635 Q3918,Q2303536,,http://www.business.vcu.edu/index.html
Q7906673,VCU School of the Arts,drop,unit of a listed institution,Q11609356 Q3918,Q2303536,,http://www.arts.vcu.edu
Q85852395,Veritas International University,drop,no website,Q3918,,,
Q22073438,Virginia Tech - Wake Forest University School of Biomedical Engineering & Sciences,drop,unit of a listed institution,Q3918,Q65379,,http://www.sbes.vt.edu
Q7934602,Virginia Tech College of Architecture and Urban Studies,drop,unit of a listed institution,Q3918,Q65379,,http://www.dept.arch.vt.edu
Q7934606,Virginia Tech College of Natural Resources and Environment,drop,unit of a listed institution,Q3918,Q65379,,http://cnre.vt.edu
Q7934607,Virginia Tech College of Science,drop,unit of a listed institution,Q3918,Q65379,,http://www.science.vt.edu/
Q7934609,Virginia Tech Corps of Cadets,drop,no website,Q917182,,,
Q7960925,Wake Forest Department of Theatre and Dance,drop,no website,Q3918,,,
Q7961485,Walden University,drop,dissolved,Q3918,,,
Q107817171,Washington Bible College & Capital Bible Seminary,drop,dissolved,Q233324 Q576603,,,http://bible.edu
Q16983175,"Washington State University College of Agricultural, Human, and Natural Resource Sciences",drop,unit of a listed institution,Q3918,Q597236,,http://www.cahnrs.wsu.edu
Q7975914,Wayland Baptist University,drop,no website,Q3918,,,
Q54888550,Wayne State University School of Social Work,drop,no website,Q3918,,,
Q7981631,Wells College,drop,dissolved,Q123602198 Q23002054,,197230,https://www.wells.edu/
Q7981074,WellStar College of Health and Human Services,drop,no website,Q3918,,,
Q97321368,West Baden College,drop,dissolved,Q14911880 Q837999,,,
Q7987167,Westbrook College,drop,no website,Q3918,,,
Q7987724,Western College for Women,drop,no website,Q3660535 Q3918,,,
Q7988004,Western Kentucky University-Owensboro,drop,no website,Q3918,,,
Q7988074,Western Military Academy,drop,no website,Q917182,,,
Q134605048,Western Reserve University,drop,dissolved,Q902104,,,
Q6529883,Western University,drop,dissolved,Q123602198 Q1620945 Q184644,,,
Q8003313,Willamette University College of Medicine,drop,no website,Q3918,,,
Q24765550,William Carey International University,drop,no website,Q3918,,,
Q8033415,Woodstock College,drop,no website,Q14911880 Q189004,,,
Q55393765,Yeshiva College (Yeshiva University),drop,unit of a listed institution,Q3918 Q43229,Q1048851,,https://www.yu.edu/yeshiva-college
Q8052854,Yeshiva Zichron Yaakov,drop,no website,Q3918,,,
Q8072506,Zion College,drop,no website,Q3918,,,
Q3578032,École libre des hautes études,drop,no website,Q3918,,,
